ass1;ass2;abs
05.554;05.554;0
05.554;05.555;0.125
05.554;05.556;0.125
05.554;05.557;0.125
05.554;05.558;0.25
05.554;05.559;0.125
05.554;05.560;0.375
05.554;05.561;0
05.554;05.562;0.125
05.554;05.563;0
05.554;05.564;0.25
05.554;05.565;0
05.554;05.566;0.375
05.554;05.567;0.375
05.554;05.568;0.375
05.554;05.569;0.25
05.554;05.570;0
05.554;05.571;0.5
05.554;05.572;0.5
05.554;05.573;0.25
05.554;05.574;0.625
05.554;05.575;0.5
05.554;05.576;0.625
05.554;05.577;0.625
05.554;05.578;0.625
05.554;05.579;0.625
05.554;05.580;0.625
05.554;05.581;0.625
05.554;05.582;0.5
05.554;05.583;0.625
05.554;05.584;0.625
05.554;05.585;0.5
05.554;05.586;0.625
05.554;05.587;0.625
05.554;05.588;0.625
05.554;05.589;0.625
05.554;05.590;0.25
05.554;05.591;0.625
05.554;05.592;0.625
05.554;05.593;0.625
05.554;05.594;0.625
05.554;05.595;0.625
05.554;05.596;0.625
05.554;05.597;0.625
05.554;05.598;0.625
05.554;05.599;0.625
05.554;05.600;0.625
05.554;05.601;0.625
05.554;05.604;0.625
05.554;05.607;0.625
05.554;05.611;0.375
05.554;05.613;0.625
05.554;05.614;0.125
05.554;05.615;0.625
05.554;05.616;0.875
05.554;22.400;0.125
05.555;05.554;0.125
05.555;05.555;0
05.555;05.556;0
05.555;05.557;0
05.555;05.558;0.125
05.555;05.559;0
05.555;05.560;0.25
05.555;05.561;0.125
05.555;05.562;0
05.555;05.563;0.125
05.555;05.564;0.125
05.555;05.565;0.125
05.555;05.566;0.25
05.555;05.567;0.25
05.555;05.568;0.25
05.555;05.569;0.125
05.555;05.570;0.125
05.555;05.571;0.375
05.555;05.572;0.375
05.555;05.573;0.125
05.555;05.574;0.5
05.555;05.575;0.375
05.555;05.576;0.5
05.555;05.577;0.5
05.555;05.578;0.5
05.555;05.579;0.5
05.555;05.580;0.5
05.555;05.581;0.5
05.555;05.582;0.375
05.555;05.583;0.5
05.555;05.584;0.5
05.555;05.585;0.375
05.555;05.586;0.5
05.555;05.587;0.5
05.555;05.588;0.5
05.555;05.589;0.5
05.555;05.590;0.125
05.555;05.591;0.5
05.555;05.592;0.5
05.555;05.593;0.5
05.555;05.594;0.5
05.555;05.595;0.5
05.555;05.596;0.5
05.555;05.597;0.5
05.555;05.598;0.5
05.555;05.599;0.5
05.555;05.600;0.5
05.555;05.601;0.5
05.555;05.604;0.5
05.555;05.607;0.5
05.555;05.611;0.25
05.555;05.613;0.5
05.555;05.614;0.25
05.555;05.615;0.5
05.555;05.616;0.75
05.555;22.400;0.25
05.556;05.554;0.125
05.556;05.555;0
05.556;05.556;0
05.556;05.557;0
05.556;05.558;0.125
05.556;05.559;0
05.556;05.560;0.25
05.556;05.561;0.125
05.556;05.562;0
05.556;05.563;0.125
05.556;05.564;0.125
05.556;05.565;0.125
05.556;05.566;0.25
05.556;05.567;0.25
05.556;05.568;0.25
05.556;05.569;0.125
05.556;05.570;0.125
05.556;05.571;0.375
05.556;05.572;0.375
05.556;05.573;0.125
05.556;05.574;0.5
05.556;05.575;0.375
05.556;05.576;0.5
05.556;05.577;0.5
05.556;05.578;0.5
05.556;05.579;0.5
05.556;05.580;0.5
05.556;05.581;0.5
05.556;05.582;0.375
05.556;05.583;0.5
05.556;05.584;0.5
05.556;05.585;0.375
05.556;05.586;0.5
05.556;05.587;0.5
05.556;05.588;0.5
05.556;05.589;0.5
05.556;05.590;0.125
05.556;05.591;0.5
05.556;05.592;0.5
05.556;05.593;0.5
05.556;05.594;0.5
05.556;05.595;0.5
05.556;05.596;0.5
05.556;05.597;0.5
05.556;05.598;0.5
05.556;05.599;0.5
05.556;05.600;0.5
05.556;05.601;0.5
05.556;05.604;0.5
05.556;05.607;0.5
05.556;05.611;0.25
05.556;05.613;0.5
05.556;05.614;0.25
05.556;05.615;0.5
05.556;05.616;0.75
05.556;22.400;0.25
05.557;05.554;0.125
05.557;05.555;0
05.557;05.556;0
05.557;05.557;0
05.557;05.558;0.125
05.557;05.559;0
05.557;05.560;0.25
05.557;05.561;0.125
05.557;05.562;0
05.557;05.563;0.125
05.557;05.564;0.125
05.557;05.565;0.125
05.557;05.566;0.25
05.557;05.567;0.25
05.557;05.568;0.25
05.557;05.569;0.125
05.557;05.570;0.125
05.557;05.571;0.375
05.557;05.572;0.375
05.557;05.573;0.125
05.557;05.574;0.5
05.557;05.575;0.375
05.557;05.576;0.5
05.557;05.577;0.5
05.557;05.578;0.5
05.557;05.579;0.5
05.557;05.580;0.5
05.557;05.581;0.5
05.557;05.582;0.375
05.557;05.583;0.5
05.557;05.584;0.5
05.557;05.585;0.375
05.557;05.586;0.5
05.557;05.587;0.5
05.557;05.588;0.5
05.557;05.589;0.5
05.557;05.590;0.125
05.557;05.591;0.5
05.557;05.592;0.5
05.557;05.593;0.5
05.557;05.594;0.5
05.557;05.595;0.5
05.557;05.596;0.5
05.557;05.597;0.5
05.557;05.598;0.5
05.557;05.599;0.5
05.557;05.600;0.5
05.557;05.601;0.5
05.557;05.604;0.5
05.557;05.607;0.5
05.557;05.611;0.25
05.557;05.613;0.5
05.557;05.614;0.25
05.557;05.615;0.5
05.557;05.616;0.75
05.557;22.400;0.25
05.558;05.554;0.25
05.558;05.555;0.125
05.558;05.556;0.125
05.558;05.557;0.125
05.558;05.558;0
05.558;05.559;0.125
05.558;05.560;0.125
05.558;05.561;0.25
05.558;05.562;0.125
05.558;05.563;0.25
05.558;05.564;0
05.558;05.565;0.25
05.558;05.566;0.125
05.558;05.567;0.125
05.558;05.568;0.125
05.558;05.569;0
05.558;05.570;0.25
05.558;05.571;0.25
05.558;05.572;0.25
05.558;05.573;0
05.558;05.574;0.375
05.558;05.575;0.25
05.558;05.576;0.375
05.558;05.577;0.375
05.558;05.578;0.375
05.558;05.579;0.375
05.558;05.580;0.375
05.558;05.581;0.375
05.558;05.582;0.25
05.558;05.583;0.375
05.558;05.584;0.375
05.558;05.585;0.25
05.558;05.586;0.375
05.558;05.587;0.375
05.558;05.588;0.375
05.558;05.589;0.375
05.558;05.590;0
05.558;05.591;0.375
05.558;05.592;0.375
05.558;05.593;0.375
05.558;05.594;0.375
05.558;05.595;0.375
05.558;05.596;0.375
05.558;05.597;0.375
05.558;05.598;0.375
05.558;05.599;0.375
05.558;05.600;0.375
05.558;05.601;0.375
05.558;05.604;0.375
05.558;05.607;0.375
05.558;05.611;0.125
05.558;05.613;0.375
05.558;05.614;0.375
05.558;05.615;0.375
05.558;05.616;0.625
05.558;22.400;0.375
05.559;05.554;0.125
05.559;05.555;0
05.559;05.556;0
05.559;05.557;0
05.559;05.558;0.125
05.559;05.559;0
05.559;05.560;0.25
05.559;05.561;0.125
05.559;05.562;0
05.559;05.563;0.125
05.559;05.564;0.125
05.559;05.565;0.125
05.559;05.566;0.25
05.559;05.567;0.25
05.559;05.568;0.25
05.559;05.569;0.125
05.559;05.570;0.125
05.559;05.571;0.375
05.559;05.572;0.375
05.559;05.573;0.125
05.559;05.574;0.5
05.559;05.575;0.375
05.559;05.576;0.5
05.559;05.577;0.5
05.559;05.578;0.5
05.559;05.579;0.5
05.559;05.580;0.5
05.559;05.581;0.5
05.559;05.582;0.375
05.559;05.583;0.5
05.559;05.584;0.5
05.559;05.585;0.375
05.559;05.586;0.5
05.559;05.587;0.5
05.559;05.588;0.5
05.559;05.589;0.5
05.559;05.590;0.125
05.559;05.591;0.5
05.559;05.592;0.5
05.559;05.593;0.5
05.559;05.594;0.5
05.559;05.595;0.5
05.559;05.596;0.5
05.559;05.597;0.5
05.559;05.598;0.5
05.559;05.599;0.5
05.559;05.600;0.5
05.559;05.601;0.5
05.559;05.604;0.5
05.559;05.607;0.5
05.559;05.611;0.25
05.559;05.613;0.5
05.559;05.614;0.25
05.559;05.615;0.5
05.559;05.616;0.75
05.559;22.400;0.25
05.560;05.554;0.375
05.560;05.555;0.25
05.560;05.556;0.25
05.560;05.557;0.25
05.560;05.558;0.125
05.560;05.559;0.25
05.560;05.560;0
05.560;05.561;0.375
05.560;05.562;0.25
05.560;05.563;0.375
05.560;05.564;0.125
05.560;05.565;0.375
05.560;05.566;0
05.560;05.567;0
05.560;05.568;0
05.560;05.569;0.125
05.560;05.570;0.375
05.560;05.571;0.125
05.560;05.572;0.125
05.560;05.573;0.125
05.560;05.574;0.25
05.560;05.575;0.125
05.560;05.576;0.25
05.560;05.577;0.25
05.560;05.578;0.25
05.560;05.579;0.25
05.560;05.580;0.25
05.560;05.581;0.25
05.560;05.582;0.125
05.560;05.583;0.25
05.560;05.584;0.25
05.560;05.585;0.125
05.560;05.586;0.25
05.560;05.587;0.25
05.560;05.588;0.25
05.560;05.589;0.25
05.560;05.590;0.125
05.560;05.591;0.25
05.560;05.592;0.25
05.560;05.593;0.25
05.560;05.594;0.25
05.560;05.595;0.25
05.560;05.596;0.25
05.560;05.597;0.25
05.560;05.598;0.25
05.560;05.599;0.25
05.560;05.600;0.25
05.560;05.601;0.25
05.560;05.604;0.25
05.560;05.607;0.25
05.560;05.611;0
05.560;05.613;0.25
05.560;05.614;0.5
05.560;05.615;0.25
05.560;05.616;0.5
05.560;22.400;0.5
05.561;05.554;0
05.561;05.555;0.125
05.561;05.556;0.125
05.561;05.557;0.125
05.561;05.558;0.25
05.561;05.559;0.125
05.561;05.560;0.375
05.561;05.561;0
05.561;05.562;0.125
05.561;05.563;0
05.561;05.564;0.25
05.561;05.565;0
05.561;05.566;0.375
05.561;05.567;0.375
05.561;05.568;0.375
05.561;05.569;0.25
05.561;05.570;0
05.561;05.571;0.5
05.561;05.572;0.5
05.561;05.573;0.25
05.561;05.574;0.625
05.561;05.575;0.5
05.561;05.576;0.625
05.561;05.577;0.625
05.561;05.578;0.625
05.561;05.579;0.625
05.561;05.580;0.625
05.561;05.581;0.625
05.561;05.582;0.5
05.561;05.583;0.625
05.561;05.584;0.625
05.561;05.585;0.5
05.561;05.586;0.625
05.561;05.587;0.625
05.561;05.588;0.625
05.561;05.589;0.625
05.561;05.590;0.25
05.561;05.591;0.625
05.561;05.592;0.625
05.561;05.593;0.625
05.561;05.594;0.625
05.561;05.595;0.625
05.561;05.596;0.625
05.561;05.597;0.625
05.561;05.598;0.625
05.561;05.599;0.625
05.561;05.600;0.625
05.561;05.601;0.625
05.561;05.604;0.625
05.561;05.607;0.625
05.561;05.611;0.375
05.561;05.613;0.625
05.561;05.614;0.125
05.561;05.615;0.625
05.561;05.616;0.875
05.561;22.400;0.125
05.562;05.554;0.125
05.562;05.555;0
05.562;05.556;0
05.562;05.557;0
05.562;05.558;0.125
05.562;05.559;0
05.562;05.560;0.25
05.562;05.561;0.125
05.562;05.562;0
05.562;05.563;0.125
05.562;05.564;0.125
05.562;05.565;0.125
05.562;05.566;0.25
05.562;05.567;0.25
05.562;05.568;0.25
05.562;05.569;0.125
05.562;05.570;0.125
05.562;05.571;0.375
05.562;05.572;0.375
05.562;05.573;0.125
05.562;05.574;0.5
05.562;05.575;0.375
05.562;05.576;0.5
05.562;05.577;0.5
05.562;05.578;0.5
05.562;05.579;0.5
05.562;05.580;0.5
05.562;05.581;0.5
05.562;05.582;0.375
05.562;05.583;0.5
05.562;05.584;0.5
05.562;05.585;0.375
05.562;05.586;0.5
05.562;05.587;0.5
05.562;05.588;0.5
05.562;05.589;0.5
05.562;05.590;0.125
05.562;05.591;0.5
05.562;05.592;0.5
05.562;05.593;0.5
05.562;05.594;0.5
05.562;05.595;0.5
05.562;05.596;0.5
05.562;05.597;0.5
05.562;05.598;0.5
05.562;05.599;0.5
05.562;05.600;0.5
05.562;05.601;0.5
05.562;05.604;0.5
05.562;05.607;0.5
05.562;05.611;0.25
05.562;05.613;0.5
05.562;05.614;0.25
05.562;05.615;0.5
05.562;05.616;0.75
05.562;22.400;0.25
05.563;05.554;0
05.563;05.555;0.125
05.563;05.556;0.125
05.563;05.557;0.125
05.563;05.558;0.25
05.563;05.559;0.125
05.563;05.560;0.375
05.563;05.561;0
05.563;05.562;0.125
05.563;05.563;0
05.563;05.564;0.25
05.563;05.565;0
05.563;05.566;0.375
05.563;05.567;0.375
05.563;05.568;0.375
05.563;05.569;0.25
05.563;05.570;0
05.563;05.571;0.5
05.563;05.572;0.5
05.563;05.573;0.25
05.563;05.574;0.625
05.563;05.575;0.5
05.563;05.576;0.625
05.563;05.577;0.625
05.563;05.578;0.625
05.563;05.579;0.625
05.563;05.580;0.625
05.563;05.581;0.625
05.563;05.582;0.5
05.563;05.583;0.625
05.563;05.584;0.625
05.563;05.585;0.5
05.563;05.586;0.625
05.563;05.587;0.625
05.563;05.588;0.625
05.563;05.589;0.625
05.563;05.590;0.25
05.563;05.591;0.625
05.563;05.592;0.625
05.563;05.593;0.625
05.563;05.594;0.625
05.563;05.595;0.625
05.563;05.596;0.625
05.563;05.597;0.625
05.563;05.598;0.625
05.563;05.599;0.625
05.563;05.600;0.625
05.563;05.601;0.625
05.563;05.604;0.625
05.563;05.607;0.625
05.563;05.611;0.375
05.563;05.613;0.625
05.563;05.614;0.125
05.563;05.615;0.625
05.563;05.616;0.875
05.563;22.400;0.125
05.564;05.554;0.25
05.564;05.555;0.125
05.564;05.556;0.125
05.564;05.557;0.125
05.564;05.558;0
05.564;05.559;0.125
05.564;05.560;0.125
05.564;05.561;0.25
05.564;05.562;0.125
05.564;05.563;0.25
05.564;05.564;0
05.564;05.565;0.25
05.564;05.566;0.125
05.564;05.567;0.125
05.564;05.568;0.125
05.564;05.569;0
05.564;05.570;0.25
05.564;05.571;0.25
05.564;05.572;0.25
05.564;05.573;0
05.564;05.574;0.375
05.564;05.575;0.25
05.564;05.576;0.375
05.564;05.577;0.375
05.564;05.578;0.375
05.564;05.579;0.375
05.564;05.580;0.375
05.564;05.581;0.375
05.564;05.582;0.25
05.564;05.583;0.375
05.564;05.584;0.375
05.564;05.585;0.25
05.564;05.586;0.375
05.564;05.587;0.375
05.564;05.588;0.375
05.564;05.589;0.375
05.564;05.590;0
05.564;05.591;0.375
05.564;05.592;0.375
05.564;05.593;0.375
05.564;05.594;0.375
05.564;05.595;0.375
05.564;05.596;0.375
05.564;05.597;0.375
05.564;05.598;0.375
05.564;05.599;0.375
05.564;05.600;0.375
05.564;05.601;0.375
05.564;05.604;0.375
05.564;05.607;0.375
05.564;05.611;0.125
05.564;05.613;0.375
05.564;05.614;0.375
05.564;05.615;0.375
05.564;05.616;0.625
05.564;22.400;0.375
05.565;05.554;0
05.565;05.555;0.125
05.565;05.556;0.125
05.565;05.557;0.125
05.565;05.558;0.25
05.565;05.559;0.125
05.565;05.560;0.375
05.565;05.561;0
05.565;05.562;0.125
05.565;05.563;0
05.565;05.564;0.25
05.565;05.565;0
05.565;05.566;0.375
05.565;05.567;0.375
05.565;05.568;0.375
05.565;05.569;0.25
05.565;05.570;0
05.565;05.571;0.5
05.565;05.572;0.5
05.565;05.573;0.25
05.565;05.574;0.625
05.565;05.575;0.5
05.565;05.576;0.625
05.565;05.577;0.625
05.565;05.578;0.625
05.565;05.579;0.625
05.565;05.580;0.625
05.565;05.581;0.625
05.565;05.582;0.5
05.565;05.583;0.625
05.565;05.584;0.625
05.565;05.585;0.5
05.565;05.586;0.625
05.565;05.587;0.625
05.565;05.588;0.625
05.565;05.589;0.625
05.565;05.590;0.25
05.565;05.591;0.625
05.565;05.592;0.625
05.565;05.593;0.625
05.565;05.594;0.625
05.565;05.595;0.625
05.565;05.596;0.625
05.565;05.597;0.625
05.565;05.598;0.625
05.565;05.599;0.625
05.565;05.600;0.625
05.565;05.601;0.625
05.565;05.604;0.625
05.565;05.607;0.625
05.565;05.611;0.375
05.565;05.613;0.625
05.565;05.614;0.125
05.565;05.615;0.625
05.565;05.616;0.875
05.565;22.400;0.125
05.566;05.554;0.375
05.566;05.555;0.25
05.566;05.556;0.25
05.566;05.557;0.25
05.566;05.558;0.125
05.566;05.559;0.25
05.566;05.560;0
05.566;05.561;0.375
05.566;05.562;0.25
05.566;05.563;0.375
05.566;05.564;0.125
05.566;05.565;0.375
05.566;05.566;0
05.566;05.567;0
05.566;05.568;0
05.566;05.569;0.125
05.566;05.570;0.375
05.566;05.571;0.125
05.566;05.572;0.125
05.566;05.573;0.125
05.566;05.574;0.25
05.566;05.575;0.125
05.566;05.576;0.25
05.566;05.577;0.25
05.566;05.578;0.25
05.566;05.579;0.25
05.566;05.580;0.25
05.566;05.581;0.25
05.566;05.582;0.125
05.566;05.583;0.25
05.566;05.584;0.25
05.566;05.585;0.125
05.566;05.586;0.25
05.566;05.587;0.25
05.566;05.588;0.25
05.566;05.589;0.25
05.566;05.590;0.125
05.566;05.591;0.25
05.566;05.592;0.25
05.566;05.593;0.25
05.566;05.594;0.25
05.566;05.595;0.25
05.566;05.596;0.25
05.566;05.597;0.25
05.566;05.598;0.25
05.566;05.599;0.25
05.566;05.600;0.25
05.566;05.601;0.25
05.566;05.604;0.25
05.566;05.607;0.25
05.566;05.611;0
05.566;05.613;0.25
05.566;05.614;0.5
05.566;05.615;0.25
05.566;05.616;0.5
05.566;22.400;0.5
05.567;05.554;0.375
05.567;05.555;0.25
05.567;05.556;0.25
05.567;05.557;0.25
05.567;05.558;0.125
05.567;05.559;0.25
05.567;05.560;0
05.567;05.561;0.375
05.567;05.562;0.25
05.567;05.563;0.375
05.567;05.564;0.125
05.567;05.565;0.375
05.567;05.566;0
05.567;05.567;0
05.567;05.568;0
05.567;05.569;0.125
05.567;05.570;0.375
05.567;05.571;0.125
05.567;05.572;0.125
05.567;05.573;0.125
05.567;05.574;0.25
05.567;05.575;0.125
05.567;05.576;0.25
05.567;05.577;0.25
05.567;05.578;0.25
05.567;05.579;0.25
05.567;05.580;0.25
05.567;05.581;0.25
05.567;05.582;0.125
05.567;05.583;0.25
05.567;05.584;0.25
05.567;05.585;0.125
05.567;05.586;0.25
05.567;05.587;0.25
05.567;05.588;0.25
05.567;05.589;0.25
05.567;05.590;0.125
05.567;05.591;0.25
05.567;05.592;0.25
05.567;05.593;0.25
05.567;05.594;0.25
05.567;05.595;0.25
05.567;05.596;0.25
05.567;05.597;0.25
05.567;05.598;0.25
05.567;05.599;0.25
05.567;05.600;0.25
05.567;05.601;0.25
05.567;05.604;0.25
05.567;05.607;0.25
05.567;05.611;0
05.567;05.613;0.25
05.567;05.614;0.5
05.567;05.615;0.25
05.567;05.616;0.5
05.567;22.400;0.5
05.568;05.554;0.375
05.568;05.555;0.25
05.568;05.556;0.25
05.568;05.557;0.25
05.568;05.558;0.125
05.568;05.559;0.25
05.568;05.560;0
05.568;05.561;0.375
05.568;05.562;0.25
05.568;05.563;0.375
05.568;05.564;0.125
05.568;05.565;0.375
05.568;05.566;0
05.568;05.567;0
05.568;05.568;0
05.568;05.569;0.125
05.568;05.570;0.375
05.568;05.571;0.125
05.568;05.572;0.125
05.568;05.573;0.125
05.568;05.574;0.25
05.568;05.575;0.125
05.568;05.576;0.25
05.568;05.577;0.25
05.568;05.578;0.25
05.568;05.579;0.25
05.568;05.580;0.25
05.568;05.581;0.25
05.568;05.582;0.125
05.568;05.583;0.25
05.568;05.584;0.25
05.568;05.585;0.125
05.568;05.586;0.25
05.568;05.587;0.25
05.568;05.588;0.25
05.568;05.589;0.25
05.568;05.590;0.125
05.568;05.591;0.25
05.568;05.592;0.25
05.568;05.593;0.25
05.568;05.594;0.25
05.568;05.595;0.25
05.568;05.596;0.25
05.568;05.597;0.25
05.568;05.598;0.25
05.568;05.599;0.25
05.568;05.600;0.25
05.568;05.601;0.25
05.568;05.604;0.25
05.568;05.607;0.25
05.568;05.611;0
05.568;05.613;0.25
05.568;05.614;0.5
05.568;05.615;0.25
05.568;05.616;0.5
05.568;22.400;0.5
05.569;05.554;0.25
05.569;05.555;0.125
05.569;05.556;0.125
05.569;05.557;0.125
05.569;05.558;0
05.569;05.559;0.125
05.569;05.560;0.125
05.569;05.561;0.25
05.569;05.562;0.125
05.569;05.563;0.25
05.569;05.564;0
05.569;05.565;0.25
05.569;05.566;0.125
05.569;05.567;0.125
05.569;05.568;0.125
05.569;05.569;0
05.569;05.570;0.25
05.569;05.571;0.25
05.569;05.572;0.25
05.569;05.573;0
05.569;05.574;0.375
05.569;05.575;0.25
05.569;05.576;0.375
05.569;05.577;0.375
05.569;05.578;0.375
05.569;05.579;0.375
05.569;05.580;0.375
05.569;05.581;0.375
05.569;05.582;0.25
05.569;05.583;0.375
05.569;05.584;0.375
05.569;05.585;0.25
05.569;05.586;0.375
05.569;05.587;0.375
05.569;05.588;0.375
05.569;05.589;0.375
05.569;05.590;0
05.569;05.591;0.375
05.569;05.592;0.375
05.569;05.593;0.375
05.569;05.594;0.375
05.569;05.595;0.375
05.569;05.596;0.375
05.569;05.597;0.375
05.569;05.598;0.375
05.569;05.599;0.375
05.569;05.600;0.375
05.569;05.601;0.375
05.569;05.604;0.375
05.569;05.607;0.375
05.569;05.611;0.125
05.569;05.613;0.375
05.569;05.614;0.375
05.569;05.615;0.375
05.569;05.616;0.625
05.569;22.400;0.375
05.570;05.554;0
05.570;05.555;0.125
05.570;05.556;0.125
05.570;05.557;0.125
05.570;05.558;0.25
05.570;05.559;0.125
05.570;05.560;0.375
05.570;05.561;0
05.570;05.562;0.125
05.570;05.563;0
05.570;05.564;0.25
05.570;05.565;0
05.570;05.566;0.375
05.570;05.567;0.375
05.570;05.568;0.375
05.570;05.569;0.25
05.570;05.570;0
05.570;05.571;0.5
05.570;05.572;0.5
05.570;05.573;0.25
05.570;05.574;0.625
05.570;05.575;0.5
05.570;05.576;0.625
05.570;05.577;0.625
05.570;05.578;0.625
05.570;05.579;0.625
05.570;05.580;0.625
05.570;05.581;0.625
05.570;05.582;0.5
05.570;05.583;0.625
05.570;05.584;0.625
05.570;05.585;0.5
05.570;05.586;0.625
05.570;05.587;0.625
05.570;05.588;0.625
05.570;05.589;0.625
05.570;05.590;0.25
05.570;05.591;0.625
05.570;05.592;0.625
05.570;05.593;0.625
05.570;05.594;0.625
05.570;05.595;0.625
05.570;05.596;0.625
05.570;05.597;0.625
05.570;05.598;0.625
05.570;05.599;0.625
05.570;05.600;0.625
05.570;05.601;0.625
05.570;05.604;0.625
05.570;05.607;0.625
05.570;05.611;0.375
05.570;05.613;0.625
05.570;05.614;0.125
05.570;05.615;0.625
05.570;05.616;0.875
05.570;22.400;0.125
05.571;05.554;0.5
05.571;05.555;0.375
05.571;05.556;0.375
05.571;05.557;0.375
05.571;05.558;0.25
05.571;05.559;0.375
05.571;05.560;0.125
05.571;05.561;0.5
05.571;05.562;0.375
05.571;05.563;0.5
05.571;05.564;0.25
05.571;05.565;0.5
05.571;05.566;0.125
05.571;05.567;0.125
05.571;05.568;0.125
05.571;05.569;0.25
05.571;05.570;0.5
05.571;05.571;0
05.571;05.572;0
05.571;05.573;0.25
05.571;05.574;0.125
05.571;05.575;0
05.571;05.576;0.125
05.571;05.577;0.125
05.571;05.578;0.125
05.571;05.579;0.125
05.571;05.580;0.125
05.571;05.581;0.125
05.571;05.582;0
05.571;05.583;0.125
05.571;05.584;0.125
05.571;05.585;0
05.571;05.586;0.125
05.571;05.587;0.125
05.571;05.588;0.125
05.571;05.589;0.125
05.571;05.590;0.25
05.571;05.591;0.125
05.571;05.592;0.125
05.571;05.593;0.125
05.571;05.594;0.125
05.571;05.595;0.125
05.571;05.596;0.125
05.571;05.597;0.125
05.571;05.598;0.125
05.571;05.599;0.125
05.571;05.600;0.125
05.571;05.601;0.125
05.571;05.604;0.125
05.571;05.607;0.125
05.571;05.611;0.125
05.571;05.613;0.125
05.571;05.614;0.625
05.571;05.615;0.125
05.571;05.616;0.375
05.571;22.400;0.625
05.572;05.554;0.5
05.572;05.555;0.375
05.572;05.556;0.375
05.572;05.557;0.375
05.572;05.558;0.25
05.572;05.559;0.375
05.572;05.560;0.125
05.572;05.561;0.5
05.572;05.562;0.375
05.572;05.563;0.5
05.572;05.564;0.25
05.572;05.565;0.5
05.572;05.566;0.125
05.572;05.567;0.125
05.572;05.568;0.125
05.572;05.569;0.25
05.572;05.570;0.5
05.572;05.571;0
05.572;05.572;0
05.572;05.573;0.25
05.572;05.574;0.125
05.572;05.575;0
05.572;05.576;0.125
05.572;05.577;0.125
05.572;05.578;0.125
05.572;05.579;0.125
05.572;05.580;0.125
05.572;05.581;0.125
05.572;05.582;0
05.572;05.583;0.125
05.572;05.584;0.125
05.572;05.585;0
05.572;05.586;0.125
05.572;05.587;0.125
05.572;05.588;0.125
05.572;05.589;0.125
05.572;05.590;0.25
05.572;05.591;0.125
05.572;05.592;0.125
05.572;05.593;0.125
05.572;05.594;0.125
05.572;05.595;0.125
05.572;05.596;0.125
05.572;05.597;0.125
05.572;05.598;0.125
05.572;05.599;0.125
05.572;05.600;0.125
05.572;05.601;0.125
05.572;05.604;0.125
05.572;05.607;0.125
05.572;05.611;0.125
05.572;05.613;0.125
05.572;05.614;0.625
05.572;05.615;0.125
05.572;05.616;0.375
05.572;22.400;0.625
05.573;05.554;0.25
05.573;05.555;0.125
05.573;05.556;0.125
05.573;05.557;0.125
05.573;05.558;0
05.573;05.559;0.125
05.573;05.560;0.125
05.573;05.561;0.25
05.573;05.562;0.125
05.573;05.563;0.25
05.573;05.564;0
05.573;05.565;0.25
05.573;05.566;0.125
05.573;05.567;0.125
05.573;05.568;0.125
05.573;05.569;0
05.573;05.570;0.25
05.573;05.571;0.25
05.573;05.572;0.25
05.573;05.573;0
05.573;05.574;0.375
05.573;05.575;0.25
05.573;05.576;0.375
05.573;05.577;0.375
05.573;05.578;0.375
05.573;05.579;0.375
05.573;05.580;0.375
05.573;05.581;0.375
05.573;05.582;0.25
05.573;05.583;0.375
05.573;05.584;0.375
05.573;05.585;0.25
05.573;05.586;0.375
05.573;05.587;0.375
05.573;05.588;0.375
05.573;05.589;0.375
05.573;05.590;0
05.573;05.591;0.375
05.573;05.592;0.375
05.573;05.593;0.375
05.573;05.594;0.375
05.573;05.595;0.375
05.573;05.596;0.375
05.573;05.597;0.375
05.573;05.598;0.375
05.573;05.599;0.375
05.573;05.600;0.375
05.573;05.601;0.375
05.573;05.604;0.375
05.573;05.607;0.375
05.573;05.611;0.125
05.573;05.613;0.375
05.573;05.614;0.375
05.573;05.615;0.375
05.573;05.616;0.625
05.573;22.400;0.375
05.574;05.554;0.625
05.574;05.555;0.5
05.574;05.556;0.5
05.574;05.557;0.5
05.574;05.558;0.375
05.574;05.559;0.5
05.574;05.560;0.25
05.574;05.561;0.625
05.574;05.562;0.5
05.574;05.563;0.625
05.574;05.564;0.375
05.574;05.565;0.625
05.574;05.566;0.25
05.574;05.567;0.25
05.574;05.568;0.25
05.574;05.569;0.375
05.574;05.570;0.625
05.574;05.571;0.125
05.574;05.572;0.125
05.574;05.573;0.375
05.574;05.574;0
05.574;05.575;0.125
05.574;05.576;0
05.574;05.577;0.125
05.574;05.578;0.125
05.574;05.579;0
05.574;05.580;0.125
05.574;05.581;0
05.574;05.582;0.125
05.574;05.583;0
05.574;05.584;0
05.574;05.585;0.125
05.574;05.586;0
05.574;05.587;0
05.574;05.588;0.125
05.574;05.589;0
05.574;05.590;0.375
05.574;05.591;0
05.574;05.592;0
05.574;05.593;0.125
05.574;05.594;0.125
05.574;05.595;0.125
05.574;05.596;0.125
05.574;05.597;0
05.574;05.598;0
05.574;05.599;0
05.574;05.600;0.125
05.574;05.601;0
05.574;05.604;0.125
05.574;05.607;0.125
05.574;05.611;0.25
05.574;05.613;0.125
05.574;05.614;0.75
05.574;05.615;0
05.574;05.616;0.25
05.574;22.400;0.75
05.575;05.554;0.5
05.575;05.555;0.375
05.575;05.556;0.375
05.575;05.557;0.375
05.575;05.558;0.25
05.575;05.559;0.375
05.575;05.560;0.125
05.575;05.561;0.5
05.575;05.562;0.375
05.575;05.563;0.5
05.575;05.564;0.25
05.575;05.565;0.5
05.575;05.566;0.125
05.575;05.567;0.125
05.575;05.568;0.125
05.575;05.569;0.25
05.575;05.570;0.5
05.575;05.571;0
05.575;05.572;0
05.575;05.573;0.25
05.575;05.574;0.125
05.575;05.575;0
05.575;05.576;0.125
05.575;05.577;0.125
05.575;05.578;0.125
05.575;05.579;0.125
05.575;05.580;0.125
05.575;05.581;0.125
05.575;05.582;0
05.575;05.583;0.125
05.575;05.584;0.125
05.575;05.585;0
05.575;05.586;0.125
05.575;05.587;0.125
05.575;05.588;0.125
05.575;05.589;0.125
05.575;05.590;0.25
05.575;05.591;0.125
05.575;05.592;0.125
05.575;05.593;0.125
05.575;05.594;0.125
05.575;05.595;0.125
05.575;05.596;0.125
05.575;05.597;0.125
05.575;05.598;0.125
05.575;05.599;0.125
05.575;05.600;0.125
05.575;05.601;0.125
05.575;05.604;0.125
05.575;05.607;0.125
05.575;05.611;0.125
05.575;05.613;0.125
05.575;05.614;0.625
05.575;05.615;0.125
05.575;05.616;0.375
05.575;22.400;0.625
05.576;05.554;0.625
05.576;05.555;0.5
05.576;05.556;0.5
05.576;05.557;0.5
05.576;05.558;0.375
05.576;05.559;0.5
05.576;05.560;0.25
05.576;05.561;0.625
05.576;05.562;0.5
05.576;05.563;0.625
05.576;05.564;0.375
05.576;05.565;0.625
05.576;05.566;0.25
05.576;05.567;0.25
05.576;05.568;0.25
05.576;05.569;0.375
05.576;05.570;0.625
05.576;05.571;0.125
05.576;05.572;0.125
05.576;05.573;0.375
05.576;05.574;0
05.576;05.575;0.125
05.576;05.576;0
05.576;05.577;0.125
05.576;05.578;0.125
05.576;05.579;0
05.576;05.580;0.125
05.576;05.581;0
05.576;05.582;0.125
05.576;05.583;0
05.576;05.584;0
05.576;05.585;0.125
05.576;05.586;0
05.576;05.587;0
05.576;05.588;0.125
05.576;05.589;0
05.576;05.590;0.375
05.576;05.591;0
05.576;05.592;0
05.576;05.593;0.125
05.576;05.594;0.125
05.576;05.595;0.125
05.576;05.596;0.125
05.576;05.597;0
05.576;05.598;0
05.576;05.599;0
05.576;05.600;0.125
05.576;05.601;0
05.576;05.604;0.125
05.576;05.607;0.125
05.576;05.611;0.25
05.576;05.613;0.125
05.576;05.614;0.75
05.576;05.615;0
05.576;05.616;0.25
05.576;22.400;0.75
05.577;05.554;0.625
05.577;05.555;0.5
05.577;05.556;0.5
05.577;05.557;0.5
05.577;05.558;0.375
05.577;05.559;0.5
05.577;05.560;0.25
05.577;05.561;0.625
05.577;05.562;0.5
05.577;05.563;0.625
05.577;05.564;0.375
05.577;05.565;0.625
05.577;05.566;0.25
05.577;05.567;0.25
05.577;05.568;0.25
05.577;05.569;0.375
05.577;05.570;0.625
05.577;05.571;0.125
05.577;05.572;0.125
05.577;05.573;0.375
05.577;05.574;0.125
05.577;05.575;0.125
05.577;05.576;0.125
05.577;05.577;0
05.577;05.578;0
05.577;05.579;0.125
05.577;05.580;0
05.577;05.581;0.125
05.577;05.582;0.125
05.577;05.583;0.125
05.577;05.584;0
05.577;05.585;0.125
05.577;05.586;0.125
05.577;05.587;0.125
05.577;05.588;0
05.577;05.589;0
05.577;05.590;0.375
05.577;05.591;0.125
05.577;05.592;0.125
05.577;05.593;0
05.577;05.594;0
05.577;05.595;0
05.577;05.596;0
05.577;05.597;0.125
05.577;05.598;0.125
05.577;05.599;0.125
05.577;05.600;0
05.577;05.601;0.125
05.577;05.604;0
05.577;05.607;0
05.577;05.611;0.25
05.577;05.613;0
05.577;05.614;0.75
05.577;05.615;0
05.577;05.616;0.25
05.577;22.400;0.75
05.578;05.554;0.625
05.578;05.555;0.5
05.578;05.556;0.5
05.578;05.557;0.5
05.578;05.558;0.375
05.578;05.559;0.5
05.578;05.560;0.25
05.578;05.561;0.625
05.578;05.562;0.5
05.578;05.563;0.625
05.578;05.564;0.375
05.578;05.565;0.625
05.578;05.566;0.25
05.578;05.567;0.25
05.578;05.568;0.25
05.578;05.569;0.375
05.578;05.570;0.625
05.578;05.571;0.125
05.578;05.572;0.125
05.578;05.573;0.375
05.578;05.574;0.125
05.578;05.575;0.125
05.578;05.576;0.125
05.578;05.577;0
05.578;05.578;0
05.578;05.579;0.125
05.578;05.580;0
05.578;05.581;0.125
05.578;05.582;0.125
05.578;05.583;0.125
05.578;05.584;0
05.578;05.585;0.125
05.578;05.586;0.125
05.578;05.587;0.125
05.578;05.588;0
05.578;05.589;0
05.578;05.590;0.375
05.578;05.591;0.125
05.578;05.592;0.125
05.578;05.593;0
05.578;05.594;0
05.578;05.595;0
05.578;05.596;0
05.578;05.597;0.125
05.578;05.598;0.125
05.578;05.599;0.125
05.578;05.600;0
05.578;05.601;0.125
05.578;05.604;0
05.578;05.607;0
05.578;05.611;0.25
05.578;05.613;0
05.578;05.614;0.75
05.578;05.615;0
05.578;05.616;0.25
05.578;22.400;0.75
05.579;05.554;0.625
05.579;05.555;0.5
05.579;05.556;0.5
05.579;05.557;0.5
05.579;05.558;0.375
05.579;05.559;0.5
05.579;05.560;0.25
05.579;05.561;0.625
05.579;05.562;0.5
05.579;05.563;0.625
05.579;05.564;0.375
05.579;05.565;0.625
05.579;05.566;0.25
05.579;05.567;0.25
05.579;05.568;0.25
05.579;05.569;0.375
05.579;05.570;0.625
05.579;05.571;0.125
05.579;05.572;0.125
05.579;05.573;0.375
05.579;05.574;0
05.579;05.575;0.125
05.579;05.576;0
05.579;05.577;0.125
05.579;05.578;0.125
05.579;05.579;0
05.579;05.580;0.125
05.579;05.581;0
05.579;05.582;0.125
05.579;05.583;0
05.579;05.584;0
05.579;05.585;0.125
05.579;05.586;0
05.579;05.587;0
05.579;05.588;0.125
05.579;05.589;0
05.579;05.590;0.375
05.579;05.591;0
05.579;05.592;0
05.579;05.593;0.125
05.579;05.594;0.125
05.579;05.595;0.125
05.579;05.596;0.125
05.579;05.597;0
05.579;05.598;0
05.579;05.599;0
05.579;05.600;0.125
05.579;05.601;0
05.579;05.604;0.125
05.579;05.607;0.125
05.579;05.611;0.25
05.579;05.613;0.125
05.579;05.614;0.75
05.579;05.615;0
05.579;05.616;0.25
05.579;22.400;0.75
05.580;05.554;0.625
05.580;05.555;0.5
05.580;05.556;0.5
05.580;05.557;0.5
05.580;05.558;0.375
05.580;05.559;0.5
05.580;05.560;0.25
05.580;05.561;0.625
05.580;05.562;0.5
05.580;05.563;0.625
05.580;05.564;0.375
05.580;05.565;0.625
05.580;05.566;0.25
05.580;05.567;0.25
05.580;05.568;0.25
05.580;05.569;0.375
05.580;05.570;0.625
05.580;05.571;0.125
05.580;05.572;0.125
05.580;05.573;0.375
05.580;05.574;0.125
05.580;05.575;0.125
05.580;05.576;0.125
05.580;05.577;0
05.580;05.578;0
05.580;05.579;0.125
05.580;05.580;0
05.580;05.581;0.125
05.580;05.582;0.125
05.580;05.583;0.125
05.580;05.584;0
05.580;05.585;0.125
05.580;05.586;0.125
05.580;05.587;0.125
05.580;05.588;0
05.580;05.589;0
05.580;05.590;0.375
05.580;05.591;0.125
05.580;05.592;0.125
05.580;05.593;0
05.580;05.594;0
05.580;05.595;0
05.580;05.596;0
05.580;05.597;0.125
05.580;05.598;0.125
05.580;05.599;0.125
05.580;05.600;0
05.580;05.601;0.125
05.580;05.604;0
05.580;05.607;0
05.580;05.611;0.25
05.580;05.613;0
05.580;05.614;0.75
05.580;05.615;0
05.580;05.616;0.25
05.580;22.400;0.75
05.581;05.554;0.625
05.581;05.555;0.5
05.581;05.556;0.5
05.581;05.557;0.5
05.581;05.558;0.375
05.581;05.559;0.5
05.581;05.560;0.25
05.581;05.561;0.625
05.581;05.562;0.5
05.581;05.563;0.625
05.581;05.564;0.375
05.581;05.565;0.625
05.581;05.566;0.25
05.581;05.567;0.25
05.581;05.568;0.25
05.581;05.569;0.375
05.581;05.570;0.625
05.581;05.571;0.125
05.581;05.572;0.125
05.581;05.573;0.375
05.581;05.574;0
05.581;05.575;0.125
05.581;05.576;0
05.581;05.577;0.125
05.581;05.578;0.125
05.581;05.579;0
05.581;05.580;0.125
05.581;05.581;0
05.581;05.582;0.125
05.581;05.583;0
05.581;05.584;0
05.581;05.585;0.125
05.581;05.586;0
05.581;05.587;0
05.581;05.588;0.125
05.581;05.589;0
05.581;05.590;0.375
05.581;05.591;0
05.581;05.592;0
05.581;05.593;0.125
05.581;05.594;0.125
05.581;05.595;0.125
05.581;05.596;0.125
05.581;05.597;0
05.581;05.598;0
05.581;05.599;0
05.581;05.600;0.125
05.581;05.601;0
05.581;05.604;0.125
05.581;05.607;0.125
05.581;05.611;0.25
05.581;05.613;0.125
05.581;05.614;0.75
05.581;05.615;0
05.581;05.616;0.25
05.581;22.400;0.75
05.582;05.554;0.5
05.582;05.555;0.375
05.582;05.556;0.375
05.582;05.557;0.375
05.582;05.558;0.25
05.582;05.559;0.375
05.582;05.560;0.125
05.582;05.561;0.5
05.582;05.562;0.375
05.582;05.563;0.5
05.582;05.564;0.25
05.582;05.565;0.5
05.582;05.566;0.125
05.582;05.567;0.125
05.582;05.568;0.125
05.582;05.569;0.25
05.582;05.570;0.5
05.582;05.571;0
05.582;05.572;0
05.582;05.573;0.25
05.582;05.574;0.125
05.582;05.575;0
05.582;05.576;0.125
05.582;05.577;0.125
05.582;05.578;0.125
05.582;05.579;0.125
05.582;05.580;0.125
05.582;05.581;0.125
05.582;05.582;0
05.582;05.583;0.125
05.582;05.584;0.125
05.582;05.585;0
05.582;05.586;0.125
05.582;05.587;0.125
05.582;05.588;0.125
05.582;05.589;0.125
05.582;05.590;0.25
05.582;05.591;0.125
05.582;05.592;0.125
05.582;05.593;0.125
05.582;05.594;0.125
05.582;05.595;0.125
05.582;05.596;0.125
05.582;05.597;0.125
05.582;05.598;0.125
05.582;05.599;0.125
05.582;05.600;0.125
05.582;05.601;0.125
05.582;05.604;0.125
05.582;05.607;0.125
05.582;05.611;0.125
05.582;05.613;0.125
05.582;05.614;0.625
05.582;05.615;0.125
05.582;05.616;0.375
05.582;22.400;0.625
05.583;05.554;0.625
05.583;05.555;0.5
05.583;05.556;0.5
05.583;05.557;0.5
05.583;05.558;0.375
05.583;05.559;0.5
05.583;05.560;0.25
05.583;05.561;0.625
05.583;05.562;0.5
05.583;05.563;0.625
05.583;05.564;0.375
05.583;05.565;0.625
05.583;05.566;0.25
05.583;05.567;0.25
05.583;05.568;0.25
05.583;05.569;0.375
05.583;05.570;0.625
05.583;05.571;0.125
05.583;05.572;0.125
05.583;05.573;0.375
05.583;05.574;0
05.583;05.575;0.125
05.583;05.576;0
05.583;05.577;0.125
05.583;05.578;0.125
05.583;05.579;0
05.583;05.580;0.125
05.583;05.581;0
05.583;05.582;0.125
05.583;05.583;0
05.583;05.584;0
05.583;05.585;0.125
05.583;05.586;0
05.583;05.587;0
05.583;05.588;0.125
05.583;05.589;0
05.583;05.590;0.375
05.583;05.591;0
05.583;05.592;0
05.583;05.593;0.125
05.583;05.594;0.125
05.583;05.595;0.125
05.583;05.596;0.125
05.583;05.597;0
05.583;05.598;0
05.583;05.599;0
05.583;05.600;0.125
05.583;05.601;0
05.583;05.604;0.125
05.583;05.607;0.125
05.583;05.611;0.25
05.583;05.613;0.125
05.583;05.614;0.75
05.583;05.615;0
05.583;05.616;0.25
05.583;22.400;0.75
05.584;05.554;0.625
05.584;05.555;0.5
05.584;05.556;0.5
05.584;05.557;0.5
05.584;05.558;0.375
05.584;05.559;0.5
05.584;05.560;0.25
05.584;05.561;0.625
05.584;05.562;0.5
05.584;05.563;0.625
05.584;05.564;0.375
05.584;05.565;0.625
05.584;05.566;0.25
05.584;05.567;0.25
05.584;05.568;0.25
05.584;05.569;0.375
05.584;05.570;0.625
05.584;05.571;0.125
05.584;05.572;0.125
05.584;05.573;0.375
05.584;05.574;0
05.584;05.575;0.125
05.584;05.576;0
05.584;05.577;0
05.584;05.578;0
05.584;05.579;0
05.584;05.580;0
05.584;05.581;0
05.584;05.582;0.125
05.584;05.583;0
05.584;05.584;0
05.584;05.585;0.125
05.584;05.586;0
05.584;05.587;0
05.584;05.588;0
05.584;05.589;0
05.584;05.590;0.375
05.584;05.591;0
05.584;05.592;0
05.584;05.593;0
05.584;05.594;0
05.584;05.595;0
05.584;05.596;0
05.584;05.597;0
05.584;05.598;0
05.584;05.599;0
05.584;05.600;0
05.584;05.601;0
05.584;05.604;0
05.584;05.607;0
05.584;05.611;0.25
05.584;05.613;0
05.584;05.614;0.75
05.584;05.615;0
05.584;05.616;0.25
05.584;22.400;0.75
05.585;05.554;0.5
05.585;05.555;0.375
05.585;05.556;0.375
05.585;05.557;0.375
05.585;05.558;0.25
05.585;05.559;0.375
05.585;05.560;0.125
05.585;05.561;0.5
05.585;05.562;0.375
05.585;05.563;0.5
05.585;05.564;0.25
05.585;05.565;0.5
05.585;05.566;0.125
05.585;05.567;0.125
05.585;05.568;0.125
05.585;05.569;0.25
05.585;05.570;0.5
05.585;05.571;0
05.585;05.572;0
05.585;05.573;0.25
05.585;05.574;0.125
05.585;05.575;0
05.585;05.576;0.125
05.585;05.577;0.125
05.585;05.578;0.125
05.585;05.579;0.125
05.585;05.580;0.125
05.585;05.581;0.125
05.585;05.582;0
05.585;05.583;0.125
05.585;05.584;0.125
05.585;05.585;0
05.585;05.586;0.125
05.585;05.587;0.125
05.585;05.588;0.125
05.585;05.589;0.125
05.585;05.590;0.25
05.585;05.591;0.125
05.585;05.592;0.125
05.585;05.593;0.125
05.585;05.594;0.125
05.585;05.595;0.125
05.585;05.596;0.125
05.585;05.597;0.125
05.585;05.598;0.125
05.585;05.599;0.125
05.585;05.600;0.125
05.585;05.601;0.125
05.585;05.604;0.125
05.585;05.607;0.125
05.585;05.611;0.125
05.585;05.613;0.125
05.585;05.614;0.625
05.585;05.615;0.125
05.585;05.616;0.375
05.585;22.400;0.625
05.586;05.554;0.625
05.586;05.555;0.5
05.586;05.556;0.5
05.586;05.557;0.5
05.586;05.558;0.375
05.586;05.559;0.5
05.586;05.560;0.25
05.586;05.561;0.625
05.586;05.562;0.5
05.586;05.563;0.625
05.586;05.564;0.375
05.586;05.565;0.625
05.586;05.566;0.25
05.586;05.567;0.25
05.586;05.568;0.25
05.586;05.569;0.375
05.586;05.570;0.625
05.586;05.571;0.125
05.586;05.572;0.125
05.586;05.573;0.375
05.586;05.574;0
05.586;05.575;0.125
05.586;05.576;0
05.586;05.577;0.125
05.586;05.578;0.125
05.586;05.579;0
05.586;05.580;0.125
05.586;05.581;0
05.586;05.582;0.125
05.586;05.583;0
05.586;05.584;0
05.586;05.585;0.125
05.586;05.586;0
05.586;05.587;0
05.586;05.588;0.125
05.586;05.589;0
05.586;05.590;0.375
05.586;05.591;0
05.586;05.592;0
05.586;05.593;0.125
05.586;05.594;0.125
05.586;05.595;0.125
05.586;05.596;0.125
05.586;05.597;0
05.586;05.598;0
05.586;05.599;0
05.586;05.600;0.125
05.586;05.601;0
05.586;05.604;0.125
05.586;05.607;0.125
05.586;05.611;0.25
05.586;05.613;0.125
05.586;05.614;0.75
05.586;05.615;0
05.586;05.616;0.25
05.586;22.400;0.75
05.587;05.554;0.625
05.587;05.555;0.5
05.587;05.556;0.5
05.587;05.557;0.5
05.587;05.558;0.375
05.587;05.559;0.5
05.587;05.560;0.25
05.587;05.561;0.625
05.587;05.562;0.5
05.587;05.563;0.625
05.587;05.564;0.375
05.587;05.565;0.625
05.587;05.566;0.25
05.587;05.567;0.25
05.587;05.568;0.25
05.587;05.569;0.375
05.587;05.570;0.625
05.587;05.571;0.125
05.587;05.572;0.125
05.587;05.573;0.375
05.587;05.574;0
05.587;05.575;0.125
05.587;05.576;0
05.587;05.577;0.125
05.587;05.578;0.125
05.587;05.579;0
05.587;05.580;0.125
05.587;05.581;0
05.587;05.582;0.125
05.587;05.583;0
05.587;05.584;0
05.587;05.585;0.125
05.587;05.586;0
05.587;05.587;0
05.587;05.588;0.125
05.587;05.589;0
05.587;05.590;0.375
05.587;05.591;0
05.587;05.592;0
05.587;05.593;0.125
05.587;05.594;0.125
05.587;05.595;0.125
05.587;05.596;0.125
05.587;05.597;0
05.587;05.598;0
05.587;05.599;0
05.587;05.600;0.125
05.587;05.601;0
05.587;05.604;0.125
05.587;05.607;0.125
05.587;05.611;0.25
05.587;05.613;0.125
05.587;05.614;0.75
05.587;05.615;0
05.587;05.616;0.25
05.587;22.400;0.75
05.588;05.554;0.625
05.588;05.555;0.5
05.588;05.556;0.5
05.588;05.557;0.5
05.588;05.558;0.375
05.588;05.559;0.5
05.588;05.560;0.25
05.588;05.561;0.625
05.588;05.562;0.5
05.588;05.563;0.625
05.588;05.564;0.375
05.588;05.565;0.625
05.588;05.566;0.25
05.588;05.567;0.25
05.588;05.568;0.25
05.588;05.569;0.375
05.588;05.570;0.625
05.588;05.571;0.125
05.588;05.572;0.125
05.588;05.573;0.375
05.588;05.574;0.125
05.588;05.575;0.125
05.588;05.576;0.125
05.588;05.577;0
05.588;05.578;0
05.588;05.579;0.125
05.588;05.580;0
05.588;05.581;0.125
05.588;05.582;0.125
05.588;05.583;0.125
05.588;05.584;0
05.588;05.585;0.125
05.588;05.586;0.125
05.588;05.587;0.125
05.588;05.588;0
05.588;05.589;0
05.588;05.590;0.375
05.588;05.591;0.125
05.588;05.592;0.125
05.588;05.593;0
05.588;05.594;0
05.588;05.595;0
05.588;05.596;0
05.588;05.597;0.125
05.588;05.598;0.125
05.588;05.599;0.125
05.588;05.600;0
05.588;05.601;0.125
05.588;05.604;0
05.588;05.607;0
05.588;05.611;0.25
05.588;05.613;0
05.588;05.614;0.75
05.588;05.615;0
05.588;05.616;0.25
05.588;22.400;0.75
05.589;05.554;0.625
05.589;05.555;0.5
05.589;05.556;0.5
05.589;05.557;0.5
05.589;05.558;0.375
05.589;05.559;0.5
05.589;05.560;0.25
05.589;05.561;0.625
05.589;05.562;0.5
05.589;05.563;0.625
05.589;05.564;0.375
05.589;05.565;0.625
05.589;05.566;0.25
05.589;05.567;0.25
05.589;05.568;0.25
05.589;05.569;0.375
05.589;05.570;0.625
05.589;05.571;0.125
05.589;05.572;0.125
05.589;05.573;0.375
05.589;05.574;0
05.589;05.575;0.125
05.589;05.576;0
05.589;05.577;0
05.589;05.578;0
05.589;05.579;0
05.589;05.580;0
05.589;05.581;0
05.589;05.582;0.125
05.589;05.583;0
05.589;05.584;0
05.589;05.585;0.125
05.589;05.586;0
05.589;05.587;0
05.589;05.588;0
05.589;05.589;0
05.589;05.590;0.375
05.589;05.591;0
05.589;05.592;0
05.589;05.593;0
05.589;05.594;0
05.589;05.595;0
05.589;05.596;0
05.589;05.597;0
05.589;05.598;0
05.589;05.599;0
05.589;05.600;0
05.589;05.601;0
05.589;05.604;0
05.589;05.607;0
05.589;05.611;0.25
05.589;05.613;0
05.589;05.614;0.75
05.589;05.615;0
05.589;05.616;0.25
05.589;22.400;0.75
05.590;05.554;0.25
05.590;05.555;0.125
05.590;05.556;0.125
05.590;05.557;0.125
05.590;05.558;0
05.590;05.559;0.125
05.590;05.560;0.125
05.590;05.561;0.25
05.590;05.562;0.125
05.590;05.563;0.25
05.590;05.564;0
05.590;05.565;0.25
05.590;05.566;0.125
05.590;05.567;0.125
05.590;05.568;0.125
05.590;05.569;0
05.590;05.570;0.25
05.590;05.571;0.25
05.590;05.572;0.25
05.590;05.573;0
05.590;05.574;0.375
05.590;05.575;0.25
05.590;05.576;0.375
05.590;05.577;0.375
05.590;05.578;0.375
05.590;05.579;0.375
05.590;05.580;0.375
05.590;05.581;0.375
05.590;05.582;0.25
05.590;05.583;0.375
05.590;05.584;0.375
05.590;05.585;0.25
05.590;05.586;0.375
05.590;05.587;0.375
05.590;05.588;0.375
05.590;05.589;0.375
05.590;05.590;0
05.590;05.591;0.375
05.590;05.592;0.375
05.590;05.593;0.375
05.590;05.594;0.375
05.590;05.595;0.375
05.590;05.596;0.375
05.590;05.597;0.375
05.590;05.598;0.375
05.590;05.599;0.375
05.590;05.600;0.375
05.590;05.601;0.375
05.590;05.604;0.375
05.590;05.607;0.375
05.590;05.611;0.125
05.590;05.613;0.375
05.590;05.614;0.375
05.590;05.615;0.375
05.590;05.616;0.625
05.590;22.400;0.375
05.591;05.554;0.625
05.591;05.555;0.5
05.591;05.556;0.5
05.591;05.557;0.5
05.591;05.558;0.375
05.591;05.559;0.5
05.591;05.560;0.25
05.591;05.561;0.625
05.591;05.562;0.5
05.591;05.563;0.625
05.591;05.564;0.375
05.591;05.565;0.625
05.591;05.566;0.25
05.591;05.567;0.25
05.591;05.568;0.25
05.591;05.569;0.375
05.591;05.570;0.625
05.591;05.571;0.125
05.591;05.572;0.125
05.591;05.573;0.375
05.591;05.574;0
05.591;05.575;0.125
05.591;05.576;0
05.591;05.577;0.125
05.591;05.578;0.125
05.591;05.579;0
05.591;05.580;0.125
05.591;05.581;0
05.591;05.582;0.125
05.591;05.583;0
05.591;05.584;0
05.591;05.585;0.125
05.591;05.586;0
05.591;05.587;0
05.591;05.588;0.125
05.591;05.589;0
05.591;05.590;0.375
05.591;05.591;0
05.591;05.592;0
05.591;05.593;0.125
05.591;05.594;0.125
05.591;05.595;0.125
05.591;05.596;0.125
05.591;05.597;0
05.591;05.598;0
05.591;05.599;0
05.591;05.600;0.125
05.591;05.601;0
05.591;05.604;0.125
05.591;05.607;0.125
05.591;05.611;0.25
05.591;05.613;0.125
05.591;05.614;0.75
05.591;05.615;0
05.591;05.616;0.25
05.591;22.400;0.75
05.592;05.554;0.625
05.592;05.555;0.5
05.592;05.556;0.5
05.592;05.557;0.5
05.592;05.558;0.375
05.592;05.559;0.5
05.592;05.560;0.25
05.592;05.561;0.625
05.592;05.562;0.5
05.592;05.563;0.625
05.592;05.564;0.375
05.592;05.565;0.625
05.592;05.566;0.25
05.592;05.567;0.25
05.592;05.568;0.25
05.592;05.569;0.375
05.592;05.570;0.625
05.592;05.571;0.125
05.592;05.572;0.125
05.592;05.573;0.375
05.592;05.574;0
05.592;05.575;0.125
05.592;05.576;0
05.592;05.577;0.125
05.592;05.578;0.125
05.592;05.579;0
05.592;05.580;0.125
05.592;05.581;0
05.592;05.582;0.125
05.592;05.583;0
05.592;05.584;0
05.592;05.585;0.125
05.592;05.586;0
05.592;05.587;0
05.592;05.588;0.125
05.592;05.589;0
05.592;05.590;0.375
05.592;05.591;0
05.592;05.592;0
05.592;05.593;0.125
05.592;05.594;0.125
05.592;05.595;0.125
05.592;05.596;0.125
05.592;05.597;0
05.592;05.598;0
05.592;05.599;0
05.592;05.600;0.125
05.592;05.601;0
05.592;05.604;0.125
05.592;05.607;0.125
05.592;05.611;0.25
05.592;05.613;0.125
05.592;05.614;0.75
05.592;05.615;0
05.592;05.616;0.25
05.592;22.400;0.75
05.593;05.554;0.625
05.593;05.555;0.5
05.593;05.556;0.5
05.593;05.557;0.5
05.593;05.558;0.375
05.593;05.559;0.5
05.593;05.560;0.25
05.593;05.561;0.625
05.593;05.562;0.5
05.593;05.563;0.625
05.593;05.564;0.375
05.593;05.565;0.625
05.593;05.566;0.25
05.593;05.567;0.25
05.593;05.568;0.25
05.593;05.569;0.375
05.593;05.570;0.625
05.593;05.571;0.125
05.593;05.572;0.125
05.593;05.573;0.375
05.593;05.574;0.125
05.593;05.575;0.125
05.593;05.576;0.125
05.593;05.577;0
05.593;05.578;0
05.593;05.579;0.125
05.593;05.580;0
05.593;05.581;0.125
05.593;05.582;0.125
05.593;05.583;0.125
05.593;05.584;0
05.593;05.585;0.125
05.593;05.586;0.125
05.593;05.587;0.125
05.593;05.588;0
05.593;05.589;0
05.593;05.590;0.375
05.593;05.591;0.125
05.593;05.592;0.125
05.593;05.593;0
05.593;05.594;0
05.593;05.595;0
05.593;05.596;0
05.593;05.597;0.125
05.593;05.598;0.125
05.593;05.599;0.125
05.593;05.600;0
05.593;05.601;0.125
05.593;05.604;0
05.593;05.607;0
05.593;05.611;0.25
05.593;05.613;0
05.593;05.614;0.75
05.593;05.615;0
05.593;05.616;0.25
05.593;22.400;0.75
05.594;05.554;0.625
05.594;05.555;0.5
05.594;05.556;0.5
05.594;05.557;0.5
05.594;05.558;0.375
05.594;05.559;0.5
05.594;05.560;0.25
05.594;05.561;0.625
05.594;05.562;0.5
05.594;05.563;0.625
05.594;05.564;0.375
05.594;05.565;0.625
05.594;05.566;0.25
05.594;05.567;0.25
05.594;05.568;0.25
05.594;05.569;0.375
05.594;05.570;0.625
05.594;05.571;0.125
05.594;05.572;0.125
05.594;05.573;0.375
05.594;05.574;0.125
05.594;05.575;0.125
05.594;05.576;0.125
05.594;05.577;0
05.594;05.578;0
05.594;05.579;0.125
05.594;05.580;0
05.594;05.581;0.125
05.594;05.582;0.125
05.594;05.583;0.125
05.594;05.584;0
05.594;05.585;0.125
05.594;05.586;0.125
05.594;05.587;0.125
05.594;05.588;0
05.594;05.589;0
05.594;05.590;0.375
05.594;05.591;0.125
05.594;05.592;0.125
05.594;05.593;0
05.594;05.594;0
05.594;05.595;0
05.594;05.596;0
05.594;05.597;0.125
05.594;05.598;0.125
05.594;05.599;0.125
05.594;05.600;0
05.594;05.601;0.125
05.594;05.604;0
05.594;05.607;0
05.594;05.611;0.25
05.594;05.613;0
05.594;05.614;0.75
05.594;05.615;0
05.594;05.616;0.25
05.594;22.400;0.75
05.595;05.554;0.625
05.595;05.555;0.5
05.595;05.556;0.5
05.595;05.557;0.5
05.595;05.558;0.375
05.595;05.559;0.5
05.595;05.560;0.25
05.595;05.561;0.625
05.595;05.562;0.5
05.595;05.563;0.625
05.595;05.564;0.375
05.595;05.565;0.625
05.595;05.566;0.25
05.595;05.567;0.25
05.595;05.568;0.25
05.595;05.569;0.375
05.595;05.570;0.625
05.595;05.571;0.125
05.595;05.572;0.125
05.595;05.573;0.375
05.595;05.574;0.125
05.595;05.575;0.125
05.595;05.576;0.125
05.595;05.577;0
05.595;05.578;0
05.595;05.579;0.125
05.595;05.580;0
05.595;05.581;0.125
05.595;05.582;0.125
05.595;05.583;0.125
05.595;05.584;0
05.595;05.585;0.125
05.595;05.586;0.125
05.595;05.587;0.125
05.595;05.588;0
05.595;05.589;0
05.595;05.590;0.375
05.595;05.591;0.125
05.595;05.592;0.125
05.595;05.593;0
05.595;05.594;0
05.595;05.595;0
05.595;05.596;0
05.595;05.597;0.125
05.595;05.598;0.125
05.595;05.599;0.125
05.595;05.600;0
05.595;05.601;0.125
05.595;05.604;0
05.595;05.607;0
05.595;05.611;0.25
05.595;05.613;0
05.595;05.614;0.75
05.595;05.615;0
05.595;05.616;0.25
05.595;22.400;0.75
05.596;05.554;0.625
05.596;05.555;0.5
05.596;05.556;0.5
05.596;05.557;0.5
05.596;05.558;0.375
05.596;05.559;0.5
05.596;05.560;0.25
05.596;05.561;0.625
05.596;05.562;0.5
05.596;05.563;0.625
05.596;05.564;0.375
05.596;05.565;0.625
05.596;05.566;0.25
05.596;05.567;0.25
05.596;05.568;0.25
05.596;05.569;0.375
05.596;05.570;0.625
05.596;05.571;0.125
05.596;05.572;0.125
05.596;05.573;0.375
05.596;05.574;0.125
05.596;05.575;0.125
05.596;05.576;0.125
05.596;05.577;0
05.596;05.578;0
05.596;05.579;0.125
05.596;05.580;0
05.596;05.581;0.125
05.596;05.582;0.125
05.596;05.583;0.125
05.596;05.584;0
05.596;05.585;0.125
05.596;05.586;0.125
05.596;05.587;0.125
05.596;05.588;0
05.596;05.589;0
05.596;05.590;0.375
05.596;05.591;0.125
05.596;05.592;0.125
05.596;05.593;0
05.596;05.594;0
05.596;05.595;0
05.596;05.596;0
05.596;05.597;0.125
05.596;05.598;0.125
05.596;05.599;0.125
05.596;05.600;0
05.596;05.601;0.125
05.596;05.604;0
05.596;05.607;0
05.596;05.611;0.25
05.596;05.613;0
05.596;05.614;0.75
05.596;05.615;0
05.596;05.616;0.25
05.596;22.400;0.75
05.597;05.554;0.625
05.597;05.555;0.5
05.597;05.556;0.5
05.597;05.557;0.5
05.597;05.558;0.375
05.597;05.559;0.5
05.597;05.560;0.25
05.597;05.561;0.625
05.597;05.562;0.5
05.597;05.563;0.625
05.597;05.564;0.375
05.597;05.565;0.625
05.597;05.566;0.25
05.597;05.567;0.25
05.597;05.568;0.25
05.597;05.569;0.375
05.597;05.570;0.625
05.597;05.571;0.125
05.597;05.572;0.125
05.597;05.573;0.375
05.597;05.574;0
05.597;05.575;0.125
05.597;05.576;0
05.597;05.577;0.125
05.597;05.578;0.125
05.597;05.579;0
05.597;05.580;0.125
05.597;05.581;0
05.597;05.582;0.125
05.597;05.583;0
05.597;05.584;0
05.597;05.585;0.125
05.597;05.586;0
05.597;05.587;0
05.597;05.588;0.125
05.597;05.589;0
05.597;05.590;0.375
05.597;05.591;0
05.597;05.592;0
05.597;05.593;0.125
05.597;05.594;0.125
05.597;05.595;0.125
05.597;05.596;0.125
05.597;05.597;0
05.597;05.598;0
05.597;05.599;0
05.597;05.600;0.125
05.597;05.601;0
05.597;05.604;0.125
05.597;05.607;0.125
05.597;05.611;0.25
05.597;05.613;0.125
05.597;05.614;0.75
05.597;05.615;0
05.597;05.616;0.25
05.597;22.400;0.75
05.598;05.554;0.625
05.598;05.555;0.5
05.598;05.556;0.5
05.598;05.557;0.5
05.598;05.558;0.375
05.598;05.559;0.5
05.598;05.560;0.25
05.598;05.561;0.625
05.598;05.562;0.5
05.598;05.563;0.625
05.598;05.564;0.375
05.598;05.565;0.625
05.598;05.566;0.25
05.598;05.567;0.25
05.598;05.568;0.25
05.598;05.569;0.375
05.598;05.570;0.625
05.598;05.571;0.125
05.598;05.572;0.125
05.598;05.573;0.375
05.598;05.574;0
05.598;05.575;0.125
05.598;05.576;0
05.598;05.577;0.125
05.598;05.578;0.125
05.598;05.579;0
05.598;05.580;0.125
05.598;05.581;0
05.598;05.582;0.125
05.598;05.583;0
05.598;05.584;0
05.598;05.585;0.125
05.598;05.586;0
05.598;05.587;0
05.598;05.588;0.125
05.598;05.589;0
05.598;05.590;0.375
05.598;05.591;0
05.598;05.592;0
05.598;05.593;0.125
05.598;05.594;0.125
05.598;05.595;0.125
05.598;05.596;0.125
05.598;05.597;0
05.598;05.598;0
05.598;05.599;0
05.598;05.600;0.125
05.598;05.601;0
05.598;05.604;0.125
05.598;05.607;0.125
05.598;05.611;0.25
05.598;05.613;0.125
05.598;05.614;0.75
05.598;05.615;0
05.598;05.616;0.25
05.598;22.400;0.75
05.599;05.554;0.625
05.599;05.555;0.5
05.599;05.556;0.5
05.599;05.557;0.5
05.599;05.558;0.375
05.599;05.559;0.5
05.599;05.560;0.25
05.599;05.561;0.625
05.599;05.562;0.5
05.599;05.563;0.625
05.599;05.564;0.375
05.599;05.565;0.625
05.599;05.566;0.25
05.599;05.567;0.25
05.599;05.568;0.25
05.599;05.569;0.375
05.599;05.570;0.625
05.599;05.571;0.125
05.599;05.572;0.125
05.599;05.573;0.375
05.599;05.574;0
05.599;05.575;0.125
05.599;05.576;0
05.599;05.577;0.125
05.599;05.578;0.125
05.599;05.579;0
05.599;05.580;0.125
05.599;05.581;0
05.599;05.582;0.125
05.599;05.583;0
05.599;05.584;0
05.599;05.585;0.125
05.599;05.586;0
05.599;05.587;0
05.599;05.588;0.125
05.599;05.589;0
05.599;05.590;0.375
05.599;05.591;0
05.599;05.592;0
05.599;05.593;0.125
05.599;05.594;0.125
05.599;05.595;0.125
05.599;05.596;0.125
05.599;05.597;0
05.599;05.598;0
05.599;05.599;0
05.599;05.600;0.125
05.599;05.601;0
05.599;05.604;0.125
05.599;05.607;0.125
05.599;05.611;0.25
05.599;05.613;0.125
05.599;05.614;0.75
05.599;05.615;0
05.599;05.616;0.25
05.599;22.400;0.75
05.600;05.554;0.625
05.600;05.555;0.5
05.600;05.556;0.5
05.600;05.557;0.5
05.600;05.558;0.375
05.600;05.559;0.5
05.600;05.560;0.25
05.600;05.561;0.625
05.600;05.562;0.5
05.600;05.563;0.625
05.600;05.564;0.375
05.600;05.565;0.625
05.600;05.566;0.25
05.600;05.567;0.25
05.600;05.568;0.25
05.600;05.569;0.375
05.600;05.570;0.625
05.600;05.571;0.125
05.600;05.572;0.125
05.600;05.573;0.375
05.600;05.574;0.125
05.600;05.575;0.125
05.600;05.576;0.125
05.600;05.577;0
05.600;05.578;0
05.600;05.579;0.125
05.600;05.580;0
05.600;05.581;0.125
05.600;05.582;0.125
05.600;05.583;0.125
05.600;05.584;0
05.600;05.585;0.125
05.600;05.586;0.125
05.600;05.587;0.125
05.600;05.588;0
05.600;05.589;0
05.600;05.590;0.375
05.600;05.591;0.125
05.600;05.592;0.125
05.600;05.593;0
05.600;05.594;0
05.600;05.595;0
05.600;05.596;0
05.600;05.597;0.125
05.600;05.598;0.125
05.600;05.599;0.125
05.600;05.600;0
05.600;05.601;0.125
05.600;05.604;0
05.600;05.607;0
05.600;05.611;0.25
05.600;05.613;0
05.600;05.614;0.75
05.600;05.615;0
05.600;05.616;0.25
05.600;22.400;0.75
05.601;05.554;0.625
05.601;05.555;0.5
05.601;05.556;0.5
05.601;05.557;0.5
05.601;05.558;0.375
05.601;05.559;0.5
05.601;05.560;0.25
05.601;05.561;0.625
05.601;05.562;0.5
05.601;05.563;0.625
05.601;05.564;0.375
05.601;05.565;0.625
05.601;05.566;0.25
05.601;05.567;0.25
05.601;05.568;0.25
05.601;05.569;0.375
05.601;05.570;0.625
05.601;05.571;0.125
05.601;05.572;0.125
05.601;05.573;0.375
05.601;05.574;0
05.601;05.575;0.125
05.601;05.576;0
05.601;05.577;0.125
05.601;05.578;0.125
05.601;05.579;0
05.601;05.580;0.125
05.601;05.581;0
05.601;05.582;0.125
05.601;05.583;0
05.601;05.584;0
05.601;05.585;0.125
05.601;05.586;0
05.601;05.587;0
05.601;05.588;0.125
05.601;05.589;0
05.601;05.590;0.375
05.601;05.591;0
05.601;05.592;0
05.601;05.593;0.125
05.601;05.594;0.125
05.601;05.595;0.125
05.601;05.596;0.125
05.601;05.597;0
05.601;05.598;0
05.601;05.599;0
05.601;05.600;0.125
05.601;05.601;0
05.601;05.604;0.125
05.601;05.607;0.125
05.601;05.611;0.25
05.601;05.613;0.125
05.601;05.614;0.75
05.601;05.615;0
05.601;05.616;0.25
05.601;22.400;0.75
05.604;05.554;0.625
05.604;05.555;0.5
05.604;05.556;0.5
05.604;05.557;0.5
05.604;05.558;0.375
05.604;05.559;0.5
05.604;05.560;0.25
05.604;05.561;0.625
05.604;05.562;0.5
05.604;05.563;0.625
05.604;05.564;0.375
05.604;05.565;0.625
05.604;05.566;0.25
05.604;05.567;0.25
05.604;05.568;0.25
05.604;05.569;0.375
05.604;05.570;0.625
05.604;05.571;0.125
05.604;05.572;0.125
05.604;05.573;0.375
05.604;05.574;0.125
05.604;05.575;0.125
05.604;05.576;0.125
05.604;05.577;0
05.604;05.578;0
05.604;05.579;0.125
05.604;05.580;0
05.604;05.581;0.125
05.604;05.582;0.125
05.604;05.583;0.125
05.604;05.584;0
05.604;05.585;0.125
05.604;05.586;0.125
05.604;05.587;0.125
05.604;05.588;0
05.604;05.589;0
05.604;05.590;0.375
05.604;05.591;0.125
05.604;05.592;0.125
05.604;05.593;0
05.604;05.594;0
05.604;05.595;0
05.604;05.596;0
05.604;05.597;0.125
05.604;05.598;0.125
05.604;05.599;0.125
05.604;05.600;0
05.604;05.601;0.125
05.604;05.604;0
05.604;05.607;0
05.604;05.611;0.25
05.604;05.613;0
05.604;05.614;0.75
05.604;05.615;0
05.604;05.616;0.25
05.604;22.400;0.75
05.607;05.554;0.625
05.607;05.555;0.5
05.607;05.556;0.5
05.607;05.557;0.5
05.607;05.558;0.375
05.607;05.559;0.5
05.607;05.560;0.25
05.607;05.561;0.625
05.607;05.562;0.5
05.607;05.563;0.625
05.607;05.564;0.375
05.607;05.565;0.625
05.607;05.566;0.25
05.607;05.567;0.25
05.607;05.568;0.25
05.607;05.569;0.375
05.607;05.570;0.625
05.607;05.571;0.125
05.607;05.572;0.125
05.607;05.573;0.375
05.607;05.574;0.125
05.607;05.575;0.125
05.607;05.576;0.125
05.607;05.577;0
05.607;05.578;0
05.607;05.579;0.125
05.607;05.580;0
05.607;05.581;0.125
05.607;05.582;0.125
05.607;05.583;0.125
05.607;05.584;0
05.607;05.585;0.125
05.607;05.586;0.125
05.607;05.587;0.125
05.607;05.588;0
05.607;05.589;0
05.607;05.590;0.375
05.607;05.591;0.125
05.607;05.592;0.125
05.607;05.593;0
05.607;05.594;0
05.607;05.595;0
05.607;05.596;0
05.607;05.597;0.125
05.607;05.598;0.125
05.607;05.599;0.125
05.607;05.600;0
05.607;05.601;0.125
05.607;05.604;0
05.607;05.607;0
05.607;05.611;0.25
05.607;05.613;0
05.607;05.614;0.75
05.607;05.615;0
05.607;05.616;0.25
05.607;22.400;0.75
05.611;05.554;0.375
05.611;05.555;0.25
05.611;05.556;0.25
05.611;05.557;0.25
05.611;05.558;0.125
05.611;05.559;0.25
05.611;05.560;0
05.611;05.561;0.375
05.611;05.562;0.25
05.611;05.563;0.375
05.611;05.564;0.125
05.611;05.565;0.375
05.611;05.566;0
05.611;05.567;0
05.611;05.568;0
05.611;05.569;0.125
05.611;05.570;0.375
05.611;05.571;0.125
05.611;05.572;0.125
05.611;05.573;0.125
05.611;05.574;0.25
05.611;05.575;0.125
05.611;05.576;0.25
05.611;05.577;0.25
05.611;05.578;0.25
05.611;05.579;0.25
05.611;05.580;0.25
05.611;05.581;0.25
05.611;05.582;0.125
05.611;05.583;0.25
05.611;05.584;0.25
05.611;05.585;0.125
05.611;05.586;0.25
05.611;05.587;0.25
05.611;05.588;0.25
05.611;05.589;0.25
05.611;05.590;0.125
05.611;05.591;0.25
05.611;05.592;0.25
05.611;05.593;0.25
05.611;05.594;0.25
05.611;05.595;0.25
05.611;05.596;0.25
05.611;05.597;0.25
05.611;05.598;0.25
05.611;05.599;0.25
05.611;05.600;0.25
05.611;05.601;0.25
05.611;05.604;0.25
05.611;05.607;0.25
05.611;05.611;0
05.611;05.613;0.25
05.611;05.614;0.5
05.611;05.615;0.25
05.611;05.616;0.5
05.611;22.400;0.5
05.613;05.554;0.625
05.613;05.555;0.5
05.613;05.556;0.5
05.613;05.557;0.5
05.613;05.558;0.375
05.613;05.559;0.5
05.613;05.560;0.25
05.613;05.561;0.625
05.613;05.562;0.5
05.613;05.563;0.625
05.613;05.564;0.375
05.613;05.565;0.625
05.613;05.566;0.25
05.613;05.567;0.25
05.613;05.568;0.25
05.613;05.569;0.375
05.613;05.570;0.625
05.613;05.571;0.125
05.613;05.572;0.125
05.613;05.573;0.375
05.613;05.574;0.125
05.613;05.575;0.125
05.613;05.576;0.125
05.613;05.577;0
05.613;05.578;0
05.613;05.579;0.125
05.613;05.580;0
05.613;05.581;0.125
05.613;05.582;0.125
05.613;05.583;0.125
05.613;05.584;0
05.613;05.585;0.125
05.613;05.586;0.125
05.613;05.587;0.125
05.613;05.588;0
05.613;05.589;0
05.613;05.590;0.375
05.613;05.591;0.125
05.613;05.592;0.125
05.613;05.593;0
05.613;05.594;0
05.613;05.595;0
05.613;05.596;0
05.613;05.597;0.125
05.613;05.598;0.125
05.613;05.599;0.125
05.613;05.600;0
05.613;05.601;0.125
05.613;05.604;0
05.613;05.607;0
05.613;05.611;0.25
05.613;05.613;0
05.613;05.614;0.75
05.613;05.615;0
05.613;05.616;0.25
05.613;22.400;0.75
05.614;05.554;0.125
05.614;05.555;0.25
05.614;05.556;0.25
05.614;05.557;0.25
05.614;05.558;0.375
05.614;05.559;0.25
05.614;05.560;0.5
05.614;05.561;0.125
05.614;05.562;0.25
05.614;05.563;0.125
05.614;05.564;0.375
05.614;05.565;0.125
05.614;05.566;0.5
05.614;05.567;0.5
05.614;05.568;0.5
05.614;05.569;0.375
05.614;05.570;0.125
05.614;05.571;0.625
05.614;05.572;0.625
05.614;05.573;0.375
05.614;05.574;0.75
05.614;05.575;0.625
05.614;05.576;0.75
05.614;05.577;0.75
05.614;05.578;0.75
05.614;05.579;0.75
05.614;05.580;0.75
05.614;05.581;0.75
05.614;05.582;0.625
05.614;05.583;0.75
05.614;05.584;0.75
05.614;05.585;0.625
05.614;05.586;0.75
05.614;05.587;0.75
05.614;05.588;0.75
05.614;05.589;0.75
05.614;05.590;0.375
05.614;05.591;0.75
05.614;05.592;0.75
05.614;05.593;0.75
05.614;05.594;0.75
05.614;05.595;0.75
05.614;05.596;0.75
05.614;05.597;0.75
05.614;05.598;0.75
05.614;05.599;0.75
05.614;05.600;0.75
05.614;05.601;0.75
05.614;05.604;0.75
05.614;05.607;0.75
05.614;05.611;0.5
05.614;05.613;0.75
05.614;05.614;0
05.614;05.615;0.75
05.614;05.616;1
05.614;22.400;0
05.615;05.554;0.625
05.615;05.555;0.5
05.615;05.556;0.5
05.615;05.557;0.5
05.615;05.558;0.375
05.615;05.559;0.5
05.615;05.560;0.25
05.615;05.561;0.625
05.615;05.562;0.5
05.615;05.563;0.625
05.615;05.564;0.375
05.615;05.565;0.625
05.615;05.566;0.25
05.615;05.567;0.25
05.615;05.568;0.25
05.615;05.569;0.375
05.615;05.570;0.625
05.615;05.571;0.125
05.615;05.572;0.125
05.615;05.573;0.375
05.615;05.574;0
05.615;05.575;0.125
05.615;05.576;0
05.615;05.577;0
05.615;05.578;0
05.615;05.579;0
05.615;05.580;0
05.615;05.581;0
05.615;05.582;0.125
05.615;05.583;0
05.615;05.584;0
05.615;05.585;0.125
05.615;05.586;0
05.615;05.587;0
05.615;05.588;0
05.615;05.589;0
05.615;05.590;0.375
05.615;05.591;0
05.615;05.592;0
05.615;05.593;0
05.615;05.594;0
05.615;05.595;0
05.615;05.596;0
05.615;05.597;0
05.615;05.598;0
05.615;05.599;0
05.615;05.600;0
05.615;05.601;0
05.615;05.604;0
05.615;05.607;0
05.615;05.611;0.25
05.615;05.613;0
05.615;05.614;0.75
05.615;05.615;0
05.615;05.616;0.25
05.615;22.400;0.75
05.616;05.554;0.875
05.616;05.555;0.75
05.616;05.556;0.75
05.616;05.557;0.75
05.616;05.558;0.625
05.616;05.559;0.75
05.616;05.560;0.5
05.616;05.561;0.875
05.616;05.562;0.75
05.616;05.563;0.875
05.616;05.564;0.625
05.616;05.565;0.875
05.616;05.566;0.5
05.616;05.567;0.5
05.616;05.568;0.5
05.616;05.569;0.625
05.616;05.570;0.875
05.616;05.571;0.375
05.616;05.572;0.375
05.616;05.573;0.625
05.616;05.574;0.25
05.616;05.575;0.375
05.616;05.576;0.25
05.616;05.577;0.25
05.616;05.578;0.25
05.616;05.579;0.25
05.616;05.580;0.25
05.616;05.581;0.25
05.616;05.582;0.375
05.616;05.583;0.25
05.616;05.584;0.25
05.616;05.585;0.375
05.616;05.586;0.25
05.616;05.587;0.25
05.616;05.588;0.25
05.616;05.589;0.25
05.616;05.590;0.625
05.616;05.591;0.25
05.616;05.592;0.25
05.616;05.593;0.25
05.616;05.594;0.25
05.616;05.595;0.25
05.616;05.596;0.25
05.616;05.597;0.25
05.616;05.598;0.25
05.616;05.599;0.25
05.616;05.600;0.25
05.616;05.601;0.25
05.616;05.604;0.25
05.616;05.607;0.25
05.616;05.611;0.5
05.616;05.613;0.25
05.616;05.614;1
05.616;05.615;0.25
05.616;05.616;0
05.616;22.400;1
22.400;05.554;0.125
22.400;05.555;0.25
22.400;05.556;0.25
22.400;05.557;0.25
22.400;05.558;0.375
22.400;05.559;0.25
22.400;05.560;0.5
22.400;05.561;0.125
22.400;05.562;0.25
22.400;05.563;0.125
22.400;05.564;0.375
22.400;05.565;0.125
22.400;05.566;0.5
22.400;05.567;0.5
22.400;05.568;0.5
22.400;05.569;0.375
22.400;05.570;0.125
22.400;05.571;0.625
22.400;05.572;0.625
22.400;05.573;0.375
22.400;05.574;0.75
22.400;05.575;0.625
22.400;05.576;0.75
22.400;05.577;0.75
22.400;05.578;0.75
22.400;05.579;0.75
22.400;05.580;0.75
22.400;05.581;0.75
22.400;05.582;0.625
22.400;05.583;0.75
22.400;05.584;0.75
22.400;05.585;0.625
22.400;05.586;0.75
22.400;05.587;0.75
22.400;05.588;0.75
22.400;05.589;0.75
22.400;05.590;0.375
22.400;05.591;0.75
22.400;05.592;0.75
22.400;05.593;0.75
22.400;05.594;0.75
22.400;05.595;0.75
22.400;05.596;0.75
22.400;05.597;0.75
22.400;05.598;0.75
22.400;05.599;0.75
22.400;05.600;0.75
22.400;05.601;0.75
22.400;05.604;0.75
22.400;05.607;0.75
22.400;05.611;0.5
22.400;05.613;0.75
22.400;05.614;0
22.400;05.615;0.75
22.400;05.616;1
22.400;22.400;0
