ass1;ass2;dif
05.554;05.554;0.531818
05.554;05.555;0.588235
05.554;05.556;0.317204
05.554;05.557;0.41652
05.554;05.558;0.352518
05.554;05.559;0.340517
05.554;05.560;0.177778
05.554;05.561;0.233906
05.554;05.562;0.528058
05.554;05.563;0.345223
05.554;05.564;0.76
05.554;05.565;0.399798
05.554;05.566;0.6875
05.554;05.567;0.578947
05.554;05.568;0.412281
05.554;05.569;0.315789
05.554;05.570;0.476122
05.554;05.571;0.27027
05.554;05.572;0.0
05.554;05.573;0.44
05.554;05.574;0.0
05.554;05.575;0.578947
05.554;05.576;0.0
05.554;05.577;0.0
05.554;05.578;0.0
05.554;05.579;0.0
05.554;05.580;0.0
05.554;05.581;0.0
05.554;05.582;0.428571
05.554;05.583;0.0
05.554;05.584;0.0
05.554;05.585;0.533333
05.554;05.586;0.0
05.554;05.587;0.0
05.554;05.588;0.0
05.554;05.589;0.0
05.554;05.590;0.217391
05.554;05.591;0.0
05.554;05.592;0.0
05.554;05.593;0.0
05.554;05.594;0.0
05.554;05.595;0.0
05.554;05.596;0.0
05.554;05.597;0.0
05.554;05.598;0.0
05.554;05.599;0.0
05.554;05.600;0.0
05.554;05.601;0.0
05.554;05.604;0.0
05.554;05.607;0.0
05.554;05.611;0.517647
05.554;05.613;0.0
05.554;05.614;0.311594
05.554;05.615;0.0
05.554;05.616;0.0
05.554;22.400;0.0
05.555;05.554;0.588235
05.555;05.555;0.616279
05.555;05.556;0.202381
05.555;05.557;0.34072
05.555;05.558;0.209386
05.555;05.559;0.196721
05.555;05.560;0.111111
05.555;05.561;0.139423
05.555;05.562;0.42757
05.555;05.563;0.194631
05.555;05.564;0.358974
05.555;05.565;0.273632
05.555;05.566;0.337838
05.555;05.567;0.366667
05.555;05.568;0.276471
05.555;05.569;0.29661
05.555;05.570;0.400387
05.555;05.571;0.278689
05.555;05.572;0.433333
05.555;05.573;0.397695
05.555;05.574;0.0
05.555;05.575;0.444444
05.555;05.576;0.0
05.555;05.577;0.0
05.555;05.578;0.0
05.555;05.579;0.0
05.555;05.580;0.0
05.555;05.581;0.0
05.555;05.582;0.175
05.555;05.583;0.0
05.555;05.584;0.0
05.555;05.585;0.296296
05.555;05.586;0.5
05.555;05.587;0.0
05.555;05.588;0.0
05.555;05.589;0.166667
05.555;05.590;0.154255
05.555;05.591;0.0
05.555;05.592;0.0
05.555;05.593;0.357143
05.555;05.594;0.0
05.555;05.595;0.0
05.555;05.596;0.190476
05.555;05.597;0.0
05.555;05.598;0.0
05.555;05.599;0.0
05.555;05.600;0.0
05.555;05.601;0.0
05.555;05.604;0.0
05.555;05.607;0.0
05.555;05.611;0.274194
05.555;05.613;0.0
05.555;05.614;0.146667
05.555;05.615;0.0
05.555;05.616;0.0
05.555;22.400;0.0
05.556;05.554;0.317204
05.556;05.555;0.202381
05.556;05.556;0.25641
05.556;05.557;0.201439
05.556;05.558;0.123839
05.556;05.559;0.201183
05.556;05.560;0.0879121
05.556;05.561;0.152672
05.556;05.562;0.225581
05.556;05.563;0.178174
05.556;05.564;0.15
05.556;05.565;0.21371
05.556;05.566;0.124031
05.556;05.567;0.210526
05.556;05.568;0.162879
05.556;05.569;0.0909091
05.556;05.570;0.214431
05.556;05.571;0.129412
05.556;05.572;0.136364
05.556;05.573;0.102941
05.556;05.574;0.0
05.556;05.575;0.109091
05.556;05.576;0.0
05.556;05.577;0.0
05.556;05.578;0.0
05.556;05.579;0.0
05.556;05.580;0.0
05.556;05.581;0.0
05.556;05.582;0.0724638
05.556;05.583;0.1
05.556;05.584;0
05.556;05.585;0.0909091
05.556;05.586;0.125
05.556;05.587;0.0
05.556;05.588;0.0
05.556;05.589;0.0408163
05.556;05.590;0.115385
05.556;05.591;0.0
05.556;05.592;0.0
05.556;05.593;0
05.556;05.594;0.0
05.556;05.595;0.0
05.556;05.596;0.0833333
05.556;05.597;0
05.556;05.598;0.0
05.556;05.599;0.0
05.556;05.600;0.0
05.556;05.601;0.0
05.556;05.604;0.0
05.556;05.607;0.0
05.556;05.611;0.15493
05.556;05.613;0
05.556;05.614;0.144417
05.556;05.615;0.0
05.556;05.616;0.0
05.556;22.400;0.0
05.557;05.554;0.41652
05.557;05.555;0.34072
05.557;05.556;0.201439
05.557;05.557;0.4875
05.557;05.558;0.253846
05.557;05.559;0.294845
05.557;05.560;0.0852713
05.557;05.561;0.185535
05.557;05.562;0.441536
05.557;05.563;0.206485
05.557;05.564;0.316456
05.557;05.565;0.250602
05.557;05.566;0.245614
05.557;05.567;0.2
05.557;05.568;0.270769
05.557;05.569;0.195312
05.557;05.570;0.406284
05.557;05.571;0.208054
05.557;05.572;0.119048
05.557;05.573;0.283784
05.557;05.574;0.0
05.557;05.575;0.283019
05.557;05.576;0.0
05.557;05.577;0.0
05.557;05.578;0.0
05.557;05.579;0.0
05.557;05.580;0.0
05.557;05.581;0.0
05.557;05.582;0.216216
05.557;05.583;0.0
05.557;05.584;0.230769
05.557;05.585;0.368421
05.557;05.586;0.214286
05.557;05.587;0.0
05.557;05.588;0.0
05.557;05.589;0.14
05.557;05.590;0.107143
05.557;05.591;0.0
05.557;05.592;0.0
05.557;05.593;0.15
05.557;05.594;0.0
05.557;05.595;0
05.557;05.596;0.217391
05.557;05.597;0.0833333
05.557;05.598;0.0
05.557;05.599;0.0
05.557;05.600;0.0909091
05.557;05.601;0.0
05.557;05.604;0.153846
05.557;05.607;0.3
05.557;05.611;0.358491
05.557;05.613;0.272727
05.557;05.614;0.317757
05.557;05.615;0.0
05.557;05.616;0.0
05.557;22.400;0.0
05.558;05.554;0.352518
05.558;05.555;0.209386
05.558;05.556;0.123839
05.558;05.557;0.253846
05.558;05.558;0.464883
05.558;05.559;0.171875
05.558;05.560;0.0359712
05.558;05.561;0.15942
05.558;05.562;0.291971
05.558;05.563;0.123077
05.558;05.564;0.138122
05.558;05.565;0.21608
05.558;05.566;0.148936
05.558;05.567;0.12987
05.558;05.568;0.153846
05.558;05.569;0.157576
05.558;05.570;0.223242
05.558;05.571;0.08
05.558;05.572;0.0446429
05.558;05.573;0.168254
05.558;05.574;0.0769231
05.558;05.575;0.171429
05.558;05.576;0.0
05.558;05.577;0.0
05.558;05.578;0.0
05.558;05.579;0.0
05.558;05.580;0.0
05.558;05.581;0
05.558;05.582;0.0947368
05.558;05.583;0.0
05.558;05.584;0.08
05.558;05.585;0.17
05.558;05.586;0.136364
05.558;05.587;0.133333
05.558;05.588;0.0
05.558;05.589;0.0659341
05.558;05.590;0.124424
05.558;05.591;0.0
05.558;05.592;0.0
05.558;05.593;0.0322581
05.558;05.594;0.0
05.558;05.595;0.0434783
05.558;05.596;0.0638298
05.558;05.597;0
05.558;05.598;0.0689655
05.558;05.599;0
05.558;05.600;0.037037
05.558;05.601;0
05.558;05.604;0.0645161
05.558;05.607;0.0666667
05.558;05.611;0.191919
05.558;05.613;0.0333333
05.558;05.614;0.111111
05.558;05.615;0.0
05.558;05.616;0
05.558;22.400;0.0
05.559;05.554;0.340517
05.559;05.555;0.196721
05.559;05.556;0.201183
05.559;05.557;0.294845
05.559;05.558;0.171875
05.559;05.559;0.284768
05.559;05.560;0.0350877
05.559;05.561;0.258427
05.559;05.562;0.32419
05.559;05.563;0.175258
05.559;05.564;0.166667
05.559;05.565;0.30198
05.559;05.566;0.292683
05.559;05.567;0.205882
05.559;05.568;0.230159
05.559;05.569;0.0921053
05.559;05.570;0.269122
05.559;05.571;0.148148
05.559;05.572;0.121951
05.559;05.573;0.114035
05.559;05.574;0.0
05.559;05.575;0.137931
05.559;05.576;0.0
05.559;05.577;0.0909091
05.559;05.578;0.0
05.559;05.579;0.0
05.559;05.580;0.214286
05.559;05.581;0.181818
05.559;05.582;0.0933333
05.559;05.583;0.0
05.559;05.584;0.24
05.559;05.585;0.181818
05.559;05.586;0.166667
05.559;05.587;0.125
05.559;05.588;0.0
05.559;05.589;0.0892857
05.559;05.590;0.165049
05.559;05.591;0.0
05.559;05.592;0.0
05.559;05.593;0
05.559;05.594;0.0
05.559;05.595;0.0625
05.559;05.596;0.0555556
05.559;05.597;0.0625
05.559;05.598;0.1
05.559;05.599;0
05.559;05.600;0.125
05.559;05.601;0.0
05.559;05.604;0.0909091
05.559;05.607;0.0666667
05.559;05.611;0.15493
05.559;05.613;0.0833333
05.559;05.614;0.204461
05.559;05.615;0.0
05.559;05.616;0
05.559;22.400;0.0
05.560;05.554;0.177778
05.560;05.555;0.111111
05.560;05.556;0.0879121
05.560;05.557;0.0852713
05.560;05.558;0.0359712
05.560;05.559;0.0350877
05.560;05.560;0.155556
05.560;05.561;0.0322581
05.560;05.562;0.102273
05.560;05.563;0.0629371
05.560;05.564;0.0674157
05.560;05.565;0.128205
05.560;05.566;0.0833333
05.560;05.567;0.075
05.560;05.568;0.0275229
05.560;05.569;0.042735
05.560;05.570;0.0583942
05.560;05.571;0.029703
05.560;05.572;0.0408163
05.560;05.573;0.0598291
05.560;05.574;0.0526316
05.560;05.575;0.0425532
05.560;05.576;0
05.560;05.577;0.0
05.560;05.578;0.0
05.560;05.579;0.0
05.560;05.580;0.0833333
05.560;05.581;0
05.560;05.582;0.0571429
05.560;05.583;0.0833333
05.560;05.584;0
05.560;05.585;0.204545
05.560;05.586;0
05.560;05.587;0.0454545
05.560;05.588;0
05.560;05.589;0.0724638
05.560;05.590;0.0337079
05.560;05.591;0.0
05.560;05.592;0.0
05.560;05.593;0.0625
05.560;05.594;0.0
05.560;05.595;0.157895
05.560;05.596;0.0689655
05.560;05.597;0.0689655
05.560;05.598;0.1
05.560;05.599;0.05
05.560;05.600;0.0588235
05.560;05.601;0
05.560;05.604;0.047619
05.560;05.607;0
05.560;05.611;0.0212766
05.560;05.613;0
05.560;05.614;0.0701754
05.560;05.615;0.0
05.560;05.616;0.0350877
05.560;22.400;0.0
05.561;05.554;0.233906
05.561;05.555;0.139423
05.561;05.556;0.152672
05.561;05.557;0.185535
05.561;05.558;0.15942
05.561;05.559;0.258427
05.561;05.560;0.0322581
05.561;05.561;0.192982
05.561;05.562;0.208989
05.561;05.563;0.152815
05.561;05.564;0.0952381
05.561;05.565;0.177711
05.561;05.566;0.0571429
05.561;05.567;0
05.561;05.568;0.238095
05.561;05.569;0.075
05.561;05.570;0.198718
05.561;05.571;0.265306
05.561;05.572;0.0869565
05.561;05.573;0.227273
05.561;05.574;0.0
05.561;05.575;0.211538
05.561;05.576;0.0
05.561;05.577;0.0
05.561;05.578;0.0
05.561;05.579;0.0
05.561;05.580;0.0
05.561;05.581;0.0
05.561;05.582;0.08
05.561;05.583;0.0
05.561;05.584;0.0909091
05.561;05.585;0.136364
05.561;05.586;0.0
05.561;05.587;0.0
05.561;05.588;0.0
05.561;05.589;0.157895
05.561;05.590;0.126761
05.561;05.591;0.0
05.561;05.592;0.0
05.561;05.593;0.0
05.561;05.594;0.0
05.561;05.595;0.0
05.561;05.596;0
05.561;05.597;0.0
05.561;05.598;0.0
05.561;05.599;0.0
05.561;05.600;0.0
05.561;05.601;0.0
05.561;05.604;0.0
05.561;05.607;0.0
05.561;05.611;0.22973
05.561;05.613;0.0
05.561;05.614;0.166667
05.561;05.615;0.0
05.561;05.616;0.0
05.561;22.400;0.0
05.562;05.554;0.528058
05.562;05.555;0.42757
05.562;05.556;0.225581
05.562;05.557;0.441536
05.562;05.558;0.291971
05.562;05.559;0.32419
05.562;05.560;0.102273
05.562;05.561;0.208989
05.562;05.562;0.606061
05.562;05.563;0.271429
05.562;05.564;0.273684
05.562;05.565;0.38
05.562;05.566;0.327869
05.562;05.567;0.4
05.562;05.568;0.302419
05.562;05.569;0.246479
05.562;05.570;0.445838
05.562;05.571;0.316667
05.562;05.572;0.166667
05.562;05.573;0.45614
05.562;05.574;0.0
05.562;05.575;0.470588
05.562;05.576;0.0
05.562;05.577;0.0
05.562;05.578;0.0
05.562;05.579;0.0
05.562;05.580;0.0
05.562;05.581;0.0
05.562;05.582;0.272727
05.562;05.583;0.0
05.562;05.584;0.0
05.562;05.585;0.425532
05.562;05.586;0.0
05.562;05.587;0.0
05.562;05.588;0.0
05.562;05.589;0.172414
05.562;05.590;0.220779
05.562;05.591;0.0
05.562;05.592;0.0
05.562;05.593;0.130435
05.562;05.594;0.0
05.562;05.595;0.0
05.562;05.596;0.166667
05.562;05.597;0.0
05.562;05.598;0.0
05.562;05.599;0.0
05.562;05.600;0.0
05.562;05.601;0.0
05.562;05.604;0.0
05.562;05.607;0.1
05.562;05.611;0.36875
05.562;05.613;0.0
05.562;05.614;0.231481
05.562;05.615;0.0
05.562;05.616;0.0
05.562;22.400;0.4
05.563;05.554;0.345223
05.563;05.555;0.194631
05.563;05.556;0.178174
05.563;05.557;0.206485
05.563;05.558;0.123077
05.563;05.559;0.175258
05.563;05.560;0.0629371
05.563;05.561;0.152815
05.563;05.562;0.271429
05.563;05.563;0.253165
05.563;05.564;0.171779
05.563;05.565;0.274436
05.563;05.566;0.159664
05.563;05.567;0.15
05.563;05.568;0.165
05.563;05.569;0.103448
05.563;05.570;0.269305
05.563;05.571;0.186235
05.563;05.572;0.11
05.563;05.573;0.173653
05.563;05.574;0
05.563;05.575;0.184211
05.563;05.576;0.0
05.563;05.577;0.1
05.563;05.578;0.0
05.563;05.579;0
05.563;05.580;0.142857
05.563;05.581;0.0
05.563;05.582;0.180328
05.563;05.583;0.0
05.563;05.584;0.153846
05.563;05.585;0.298969
05.563;05.586;0.0526316
05.563;05.587;0.272727
05.563;05.588;0.0
05.563;05.589;0.0898876
05.563;05.590;0.121359
05.563;05.591;0.0
05.563;05.592;0.0
05.563;05.593;0.103448
05.563;05.594;0.0
05.563;05.595;0
05.563;05.596;0.115385
05.563;05.597;0
05.563;05.598;0
05.563;05.599;0
05.563;05.600;0.0833333
05.563;05.601;0.0
05.563;05.604;0.136364
05.563;05.607;0.0
05.563;05.611;0.206107
05.563;05.613;0.222222
05.563;05.614;0.192369
05.563;05.615;0.0
05.563;05.616;0
05.563;22.400;0.25
05.564;05.554;0.76
05.564;05.555;0.358974
05.564;05.556;0.15
05.564;05.557;0.316456
05.564;05.558;0.138122
05.564;05.559;0.166667
05.564;05.560;0.0674157
05.564;05.561;0.0952381
05.564;05.562;0.273684
05.564;05.563;0.171779
05.564;05.564;0.354839
05.564;05.565;0.323944
05.564;05.566;0.166667
05.564;05.567;0.168224
05.564;05.568;0.120968
05.564;05.569;0.171141
05.564;05.570;0.253012
05.564;05.571;0.136364
05.564;05.572;0.152542
05.564;05.573;0.176471
05.564;05.574;0
05.564;05.575;0.235294
05.564;05.576;0.0
05.564;05.577;0.0
05.564;05.578;0.0
05.564;05.579;0.0
05.564;05.580;0.0
05.564;05.581;0.0
05.564;05.582;0.157025
05.564;05.583;0.0
05.564;05.584;0.111111
05.564;05.585;0.297872
05.564;05.586;0.357143
05.564;05.587;0.0
05.564;05.588;0.0
05.564;05.589;0.0465116
05.564;05.590;0.114695
05.564;05.591;0.0
05.564;05.592;0.0
05.564;05.593;0.0606061
05.564;05.594;0.0
05.564;05.595;0
05.564;05.596;0.0425532
05.564;05.597;0.1
05.564;05.598;0
05.564;05.599;0.0909091
05.564;05.600;0
05.564;05.601;0.0
05.564;05.604;0.0454545
05.564;05.607;0.117647
05.564;05.611;0.128713
05.564;05.613;0.0
05.564;05.614;0.122449
05.564;05.615;0.0
05.564;05.616;0.0
05.564;22.400;0.0
05.565;05.554;0.399798
05.565;05.555;0.273632
05.565;05.556;0.21371
05.565;05.557;0.250602
05.565;05.558;0.21608
05.565;05.559;0.30198
05.565;05.560;0.128205
05.565;05.561;0.177711
05.565;05.562;0.38
05.565;05.563;0.274436
05.565;05.564;0.323944
05.565;05.565;0.343284
05.565;05.566;0.238532
05.565;05.567;0.344828
05.565;05.568;0.192053
05.565;05.569;0.188679
05.565;05.570;0.351598
05.565;05.571;0.198276
05.565;05.572;0.257143
05.565;05.573;0.207207
05.565;05.574;0.0
05.565;05.575;0.375
05.565;05.576;0.0
05.565;05.577;0.0
05.565;05.578;0.0
05.565;05.579;0.0
05.565;05.580;0.0
05.565;05.581;0.0
05.565;05.582;0.323077
05.565;05.583;0.0
05.565;05.584;0.0
05.565;05.585;0.345455
05.565;05.586;0.0
05.565;05.587;0.0
05.565;05.588;0.0
05.565;05.589;0.0434783
05.565;05.590;0.302326
05.565;05.591;0.0
05.565;05.592;0.0
05.565;05.593;0.0
05.565;05.594;0.0
05.565;05.595;0.0
05.565;05.596;0.0952381
05.565;05.597;0.0
05.565;05.598;0.0
05.565;05.599;0.0
05.565;05.600;0.0
05.565;05.601;0.0
05.565;05.604;0.0909091
05.565;05.607;0.0
05.565;05.611;0.241379
05.565;05.613;0.0
05.565;05.614;0.211302
05.565;05.615;0.0
05.565;05.616;0.0
05.565;22.400;0.153846
05.566;05.554;0.6875
05.566;05.555;0.337838
05.566;05.556;0.124031
05.566;05.557;0.245614
05.566;05.558;0.148936
05.566;05.559;0.292683
05.566;05.560;0.0833333
05.566;05.561;0.0571429
05.566;05.562;0.327869
05.566;05.563;0.159664
05.566;05.564;0.166667
05.566;05.565;0.238532
05.566;05.566;0.440367
05.566;05.567;0.192308
05.566;05.568;0.145695
05.566;05.569;0.145763
05.566;05.570;0.309524
05.566;05.571;0.129032
05.566;05.572;0.097561
05.566;05.573;0.303797
05.566;05.574;0.0
05.566;05.575;0.146667
05.566;05.576;0.1
05.566;05.577;0.0
05.566;05.578;0.0
05.566;05.579;0.0588235
05.566;05.580;0.0769231
05.566;05.581;0.230769
05.566;05.582;0.105485
05.566;05.583;0.307692
05.566;05.584;0.15
05.566;05.585;0.212598
05.566;05.586;0.134615
05.566;05.587;0
05.566;05.588;0.0
05.566;05.589;0.111111
05.566;05.590;0.104651
05.566;05.591;0.307692
05.566;05.592;0.0
05.566;05.593;0.0714286
05.566;05.594;0.0
05.566;05.595;0.0666667
05.566;05.596;0
05.566;05.597;0.0740741
05.566;05.598;0.0625
05.566;05.599;0
05.566;05.600;0.0588235
05.566;05.601;0.0714286
05.566;05.604;0.0833333
05.566;05.607;0.2
05.566;05.611;0.132948
05.566;05.613;0.130435
05.566;05.614;0.18
05.566;05.615;0.0
05.566;05.616;0.1875
05.566;22.400;0.0
05.567;05.554;0.578947
05.567;05.555;0.366667
05.567;05.556;0.210526
05.567;05.557;0.2
05.567;05.558;0.12987
05.567;05.559;0.205882
05.567;05.560;0.075
05.567;05.561;0
05.567;05.562;0.4
05.567;05.563;0.15
05.567;05.564;0.168224
05.567;05.565;0.344828
05.567;05.566;0.192308
05.567;05.567;0.5
05.567;05.568;0.105769
05.567;05.569;0.131737
05.567;05.570;0.328358
05.567;05.571;0.162602
05.567;05.572;0.131313
05.567;05.573;0.169811
05.567;05.574;0.1
05.567;05.575;0.211009
05.567;05.576;0.0
05.567;05.577;0.0
05.567;05.578;0.454545
05.567;05.579;0
05.567;05.580;0.0
05.567;05.581;0.181818
05.567;05.582;0.130769
05.567;05.583;0.0
05.567;05.584;0.222222
05.567;05.585;0.304348
05.567;05.586;0.12
05.567;05.587;0.0
05.567;05.588;0.0
05.567;05.589;0.134615
05.567;05.590;0.12782
05.567;05.591;0.0
05.567;05.592;0.0
05.567;05.593;0.1
05.567;05.594;0.0
05.567;05.595;0.157895
05.567;05.596;0
05.567;05.597;0.0588235
05.567;05.598;0
05.567;05.599;0
05.567;05.600;0.0
05.567;05.601;0.0625
05.567;05.604;0.0
05.567;05.607;0.0
05.567;05.611;0.159091
05.567;05.613;0.259259
05.567;05.614;0.137931
05.567;05.615;0.0
05.567;05.616;0.0
05.567;22.400;0.0
05.568;05.554;0.412281
05.568;05.555;0.276471
05.568;05.556;0.162879
05.568;05.557;0.270769
05.568;05.558;0.153846
05.568;05.559;0.230159
05.568;05.560;0.0275229
05.568;05.561;0.238095
05.568;05.562;0.302419
05.568;05.563;0.165
05.568;05.564;0.120968
05.568;05.565;0.192053
05.568;05.566;0.145695
05.568;05.567;0.105769
05.568;05.568;0.37013
05.568;05.569;0.121302
05.568;05.570;0.331412
05.568;05.571;0.140777
05.568;05.572;0.056338
05.568;05.573;0.210784
05.568;05.574;0
05.568;05.575;0.102564
05.568;05.576;0
05.568;05.577;0.0
05.568;05.578;0.0
05.568;05.579;0.2
05.568;05.580;0.0
05.568;05.581;0
05.568;05.582;0.0769231
05.568;05.583;0.4
05.568;05.584;0.157895
05.568;05.585;0.150442
05.568;05.586;0.1
05.568;05.587;0
05.568;05.588;0.0
05.568;05.589;0.032967
05.568;05.590;0.0670391
05.568;05.591;0.0
05.568;05.592;0.0
05.568;05.593;0
05.568;05.594;0.0
05.568;05.595;0
05.568;05.596;0.097561
05.568;05.597;0
05.568;05.598;0
05.568;05.599;0
05.568;05.600;0.0555556
05.568;05.601;0.0714286
05.568;05.604;0.0384615
05.568;05.607;0.0714286
05.568;05.611;0.15978
05.568;05.613;0.0882353
05.568;05.614;0.15
05.568;05.615;0.0
05.568;05.616;0.0
05.568;22.400;0.0
05.569;05.554;0.315789
05.569;05.555;0.29661
05.569;05.556;0.0909091
05.569;05.557;0.195312
05.569;05.558;0.157576
05.569;05.559;0.0921053
05.569;05.560;0.042735
05.569;05.561;0.075
05.569;05.562;0.246479
05.569;05.563;0.103448
05.569;05.564;0.171141
05.569;05.565;0.188679
05.569;05.566;0.145763
05.569;05.567;0.131737
05.569;05.568;0.121302
05.569;05.569;0.479167
05.569;05.570;0.247863
05.569;05.571;0.125475
05.569;05.572;0.104418
05.569;05.573;0.197015
05.569;05.574;0
05.569;05.575;0.103704
05.569;05.576;0.05
05.569;05.577;0.166667
05.569;05.578;0
05.569;05.579;0.0
05.569;05.580;0.0
05.569;05.581;0.428571
05.569;05.582;0.123288
05.569;05.583;0.0
05.569;05.584;0.204545
05.569;05.585;0.160839
05.569;05.586;0.123077
05.569;05.587;0.130435
05.569;05.588;0.0
05.569;05.589;0.138889
05.569;05.590;0.12459
05.569;05.591;0.2
05.569;05.592;0.0
05.569;05.593;0.0547945
05.569;05.594;0.0
05.569;05.595;0.121212
05.569;05.596;0.12
05.569;05.597;0.0576923
05.569;05.598;0
05.569;05.599;0
05.569;05.600;0.0652174
05.569;05.601;0.142857
05.569;05.604;0.0222222
05.569;05.607;0
05.569;05.611;0.145695
05.569;05.613;0.135135
05.569;05.614;0.0634921
05.569;05.615;0.0
05.569;05.616;0.0
05.569;22.400;0.0
05.570;05.554;0.476122
05.570;05.555;0.400387
05.570;05.556;0.214431
05.570;05.557;0.406284
05.570;05.558;0.223242
05.570;05.559;0.269122
05.570;05.560;0.0583942
05.570;05.561;0.198718
05.570;05.562;0.445838
05.570;05.563;0.269305
05.570;05.564;0.253012
05.570;05.565;0.351598
05.570;05.566;0.309524
05.570;05.567;0.328358
05.570;05.568;0.331412
05.570;05.569;0.247863
05.570;05.570;0.515823
05.570;05.571;0.289941
05.570;05.572;0.181818
05.570;05.573;0.296296
05.570;05.574;0.0
05.570;05.575;0.27957
05.570;05.576;0.2
05.570;05.577;0.0
05.570;05.578;0.0
05.570;05.579;0.0
05.570;05.580;0.0
05.570;05.581;0.0
05.570;05.582;0.311475
05.570;05.583;0.0
05.570;05.584;0.1875
05.570;05.585;0.348837
05.570;05.586;0.15
05.570;05.587;0.0
05.570;05.588;0.0
05.570;05.589;0.114754
05.570;05.590;0.170616
05.570;05.591;0.0
05.570;05.592;0.0
05.570;05.593;0.0833333
05.570;05.594;0.0
05.570;05.595;0.157895
05.570;05.596;0.09375
05.570;05.597;0.0416667
05.570;05.598;0
05.570;05.599;0.0769231
05.570;05.600;0.0909091
05.570;05.601;0.0
05.570;05.604;0.1
05.570;05.607;0.272727
05.570;05.611;0.334928
05.570;05.613;0.142857
05.570;05.614;0.213964
05.570;05.615;0.0
05.570;05.616;0.0
05.570;22.400;0.222222
05.571;05.554;0.27027
05.571;05.555;0.278689
05.571;05.556;0.129412
05.571;05.557;0.208054
05.571;05.558;0.08
05.571;05.559;0.148148
05.571;05.560;0.029703
05.571;05.561;0.265306
05.571;05.562;0.316667
05.571;05.563;0.186235
05.571;05.564;0.136364
05.571;05.565;0.198276
05.571;05.566;0.129032
05.571;05.567;0.162602
05.571;05.568;0.140777
05.571;05.569;0.125475
05.571;05.570;0.289941
05.571;05.571;0.359477
05.571;05.572;0.0947368
05.571;05.573;0.181373
05.571;05.574;0
05.571;05.575;0.14375
05.571;05.576;0.2
05.571;05.577;0
05.571;05.578;0.142857
05.571;05.579;0.148148
05.571;05.580;0.176471
05.571;05.581;0.107143
05.571;05.582;0.116935
05.571;05.583;0.25
05.571;05.584;0.232877
05.571;05.585;0.18
05.571;05.586;0.125
05.571;05.587;0.0444444
05.571;05.588;0.2
05.571;05.589;0.116751
05.571;05.590;0.106383
05.571;05.591;0.0666667
05.571;05.592;0.0
05.571;05.593;0.0470588
05.571;05.594;0.0
05.571;05.595;0
05.571;05.596;0.137255
05.571;05.597;0.0833333
05.571;05.598;0
05.571;05.599;0
05.571;05.600;0.0243902
05.571;05.601;0.0294118
05.571;05.604;0.0754717
05.571;05.607;0.294118
05.571;05.611;0.145833
05.571;05.613;0.130952
05.571;05.614;0.197674
05.571;05.615;0.0
05.571;05.616;0.0
05.571;22.400;0.0
05.572;05.554;0.0
05.572;05.555;0.433333
05.572;05.556;0.136364
05.572;05.557;0.119048
05.572;05.558;0.0446429
05.572;05.559;0.121951
05.572;05.560;0.0408163
05.572;05.561;0.0869565
05.572;05.562;0.166667
05.572;05.563;0.11
05.572;05.564;0.152542
05.572;05.565;0.257143
05.572;05.566;0.097561
05.572;05.567;0.131313
05.572;05.568;0.056338
05.572;05.569;0.104418
05.572;05.570;0.181818
05.572;05.571;0.0947368
05.572;05.572;0.252632
05.572;05.573;0.2
05.572;05.574;0.0588235
05.572;05.575;0.139738
05.572;05.576;0.0
05.572;05.577;0.0
05.572;05.578;0.272727
05.572;05.579;0
05.572;05.580;0.0526316
05.572;05.581;0.0555556
05.572;05.582;0.0572519
05.572;05.583;0.0625
05.572;05.584;0.0727273
05.572;05.585;0.15544
05.572;05.586;0.0298507
05.572;05.587;0.0454545
05.572;05.588;0.0
05.572;05.589;0.0854271
05.572;05.590;0.135338
05.572;05.591;0.0
05.572;05.592;0.0
05.572;05.593;0.04
05.572;05.594;0.0
05.572;05.595;0.12
05.572;05.596;0.135135
05.572;05.597;0.037037
05.572;05.598;0.037037
05.572;05.599;0.0277778
05.572;05.600;0.0454545
05.572;05.601;0.107143
05.572;05.604;0
05.572;05.607;0.0909091
05.572;05.611;0.057971
05.572;05.613;0.0789474
05.572;05.614;0.173913
05.572;05.615;0.0
05.572;05.616;0.0
05.572;22.400;0.0
05.573;05.554;0.44
05.573;05.555;0.397695
05.573;05.556;0.102941
05.573;05.557;0.283784
05.573;05.558;0.168254
05.573;05.559;0.114035
05.573;05.560;0.0598291
05.573;05.561;0.227273
05.573;05.562;0.45614
05.573;05.563;0.173653
05.573;05.564;0.176471
05.573;05.565;0.207207
05.573;05.566;0.303797
05.573;05.567;0.169811
05.573;05.568;0.210784
05.573;05.569;0.197015
05.573;05.570;0.296296
05.573;05.571;0.181373
05.573;05.572;0.2
05.573;05.573;0.424084
05.573;05.574;0
05.573;05.575;0.192771
05.573;05.576;0
05.573;05.577;0.0
05.573;05.578;0.0
05.573;05.579;0.272727
05.573;05.580;0.0
05.573;05.581;0.0
05.573;05.582;0.134146
05.573;05.583;0.0
05.573;05.584;0.275862
05.573;05.585;0.327273
05.573;05.586;0.146341
05.573;05.587;0.0666667
05.573;05.588;0.0
05.573;05.589;0.0714286
05.573;05.590;0.163793
05.573;05.591;0.0
05.573;05.592;0.0
05.573;05.593;0.0740741
05.573;05.594;0.0
05.573;05.595;0.0555556
05.573;05.596;0.0816327
05.573;05.597;0.117647
05.573;05.598;0
05.573;05.599;0.0
05.573;05.600;0.0344828
05.573;05.601;0.0
05.573;05.604;0.111111
05.573;05.607;0.0769231
05.573;05.611;0.21466
05.573;05.613;0.0882353
05.573;05.614;0.123596
05.573;05.615;0.0
05.573;05.616;0
05.573;22.400;0.0
05.574;05.554;0.0
05.574;05.555;0.0
05.574;05.556;0.0
05.574;05.557;0.0
05.574;05.558;0.0769231
05.574;05.559;0.0
05.574;05.560;0.0526316
05.574;05.561;0.0
05.574;05.562;0.0
05.574;05.563;0
05.574;05.564;0
05.574;05.565;0.0
05.574;05.566;0.0
05.574;05.567;0.1
05.574;05.568;0
05.574;05.569;0
05.574;05.570;0.0
05.574;05.571;0
05.574;05.572;0.0588235
05.574;05.573;0
05.574;05.574;0.0714286
05.574;05.575;0.0714286
05.574;05.576;0.026087
05.574;05.577;0.0
05.574;05.578;0.0
05.574;05.579;0.0625
05.574;05.580;0.0
05.574;05.581;0.0645161
05.574;05.582;0.027027
05.574;05.583;0.0740741
05.574;05.584;0.2
05.574;05.585;0.0769231
05.574;05.586;0
05.574;05.587;0.114286
05.574;05.588;0.0
05.574;05.589;0.0555556
05.574;05.590;0.105263
05.574;05.591;0.012987
05.574;05.592;0.037037
05.574;05.593;0.0
05.574;05.594;0.0
05.574;05.595;0.0
05.574;05.596;0.0
05.574;05.597;0.0273973
05.574;05.598;0
05.574;05.599;0
05.574;05.600;0.0
05.574;05.601;0
05.574;05.604;0.0
05.574;05.607;0.0
05.574;05.611;0.0714286
05.574;05.613;0.0
05.574;05.614;0.0625
05.574;05.615;0.0
05.574;05.616;0
05.574;22.400;0.0
05.575;05.554;0.578947
05.575;05.555;0.444444
05.575;05.556;0.109091
05.575;05.557;0.283019
05.575;05.558;0.171429
05.575;05.559;0.137931
05.575;05.560;0.0425532
05.575;05.561;0.211538
05.575;05.562;0.470588
05.575;05.563;0.184211
05.575;05.564;0.235294
05.575;05.565;0.375
05.575;05.566;0.146667
05.575;05.567;0.211009
05.575;05.568;0.102564
05.575;05.569;0.103704
05.575;05.570;0.27957
05.575;05.571;0.14375
05.575;05.572;0.139738
05.575;05.573;0.192771
05.575;05.574;0.0714286
05.575;05.575;0.40625
05.575;05.576;0.0
05.575;05.577;0.0
05.575;05.578;0.0909091
05.575;05.579;0.05
05.575;05.580;0.176471
05.575;05.581;0.12
05.575;05.582;0.0988372
05.575;05.583;0.136364
05.575;05.584;0.189189
05.575;05.585;0.181818
05.575;05.586;0.0487805
05.575;05.587;0.0833333
05.575;05.588;0.0
05.575;05.589;0.151685
05.575;05.590;0.0974026
05.575;05.591;0.0
05.575;05.592;0.0
05.575;05.593;0.0512821
05.575;05.594;0.181818
05.575;05.595;0.125
05.575;05.596;0.04
05.575;05.597;0.0869565
05.575;05.598;0
05.575;05.599;0
05.575;05.600;0.0909091
05.575;05.601;0.0
05.575;05.604;0.25
05.575;05.607;0.0909091
05.575;05.611;0.106061
05.575;05.613;0.12069
05.575;05.614;0.108108
05.575;05.615;0.0
05.575;05.616;0.0
05.575;22.400;0.0
05.576;05.554;0.0
05.576;05.555;0.0
05.576;05.556;0.0
05.576;05.557;0.0
05.576;05.558;0.0
05.576;05.559;0.0
05.576;05.560;0
05.576;05.561;0.0
05.576;05.562;0.0
05.576;05.563;0.0
05.576;05.564;0.0
05.576;05.565;0.0
05.576;05.566;0.1
05.576;05.567;0.0
05.576;05.568;0
05.576;05.569;0.05
05.576;05.570;0.2
05.576;05.571;0.2
05.576;05.572;0.0
05.576;05.573;0
05.576;05.574;0.026087
05.576;05.575;0.0
05.576;05.576;0.105263
05.576;05.577;0.0
05.576;05.578;0.0
05.576;05.579;0.0
05.576;05.580;0.0
05.576;05.581;0.235294
05.576;05.582;0.142857
05.576;05.583;0.272727
05.576;05.584;0
05.576;05.585;0.0625
05.576;05.586;0.0
05.576;05.587;0.0
05.576;05.588;0.0
05.576;05.589;0.0512821
05.576;05.590;0
05.576;05.591;0.205882
05.576;05.592;0
05.576;05.593;0.0
05.576;05.594;0.0
05.576;05.595;0.0
05.576;05.596;0.0
05.576;05.597;0.0970874
05.576;05.598;0
05.576;05.599;0.0344828
05.576;05.600;0.0
05.576;05.601;0.0526316
05.576;05.604;0.0
05.576;05.607;0.0
05.576;05.611;0.0769231
05.576;05.613;0.0
05.576;05.614;0
05.576;05.615;0.0
05.576;05.616;0.0512821
05.576;22.400;0.0
05.577;05.554;0.0
05.577;05.555;0.0
05.577;05.556;0.0
05.577;05.557;0.0
05.577;05.558;0.0
05.577;05.559;0.0909091
05.577;05.560;0.0
05.577;05.561;0.0
05.577;05.562;0.0
05.577;05.563;0.1
05.577;05.564;0.0
05.577;05.565;0.0
05.577;05.566;0.0
05.577;05.567;0.0
05.577;05.568;0.0
05.577;05.569;0.166667
05.577;05.570;0.0
05.577;05.571;0
05.577;05.572;0.0
05.577;05.573;0.0
05.577;05.574;0.0
05.577;05.575;0.0
05.577;05.576;0.0
05.577;05.577;0.416667
05.577;05.578;0.174603
05.577;05.579;0.0
05.577;05.580;0.0555556
05.577;05.581;0.0
05.577;05.582;0.0
05.577;05.583;0.0
05.577;05.584;0
05.577;05.585;0.0
05.577;05.586;0.0
05.577;05.587;0.0
05.577;05.588;0.0
05.577;05.589;0.1875
05.577;05.590;0.0
05.577;05.591;0.0
05.577;05.592;0.0
05.577;05.593;0
05.577;05.594;0.15493
05.577;05.595;0.0
05.577;05.596;0.0
05.577;05.597;0.0
05.577;05.598;0.0
05.577;05.599;0.0
05.577;05.600;0.0
05.577;05.601;0.0
05.577;05.604;0.0588235
05.577;05.607;0.142857
05.577;05.611;0.0
05.577;05.613;0
05.577;05.614;0.0
05.577;05.615;0.0
05.577;05.616;0.0
05.577;22.400;0.0
05.578;05.554;0.0
05.578;05.555;0.0
05.578;05.556;0.0
05.578;05.557;0.0
05.578;05.558;0.0
05.578;05.559;0.0
05.578;05.560;0.0
05.578;05.561;0.0
05.578;05.562;0.0
05.578;05.563;0.0
05.578;05.564;0.0
05.578;05.565;0.0
05.578;05.566;0.0
05.578;05.567;0.454545
05.578;05.568;0.0
05.578;05.569;0
05.578;05.570;0.0
05.578;05.571;0.142857
05.578;05.572;0.272727
05.578;05.573;0.0
05.578;05.574;0.0
05.578;05.575;0.0909091
05.578;05.576;0.0
05.578;05.577;0.174603
05.578;05.578;0.333333
05.578;05.579;0.0
05.578;05.580;0.2
05.578;05.581;0.0
05.578;05.582;0.238095
05.578;05.583;0.0
05.578;05.584;0.142857
05.578;05.585;0.176471
05.578;05.586;0.0
05.578;05.587;0.0
05.578;05.588;0.0
05.578;05.589;0.25
05.578;05.590;0.0
05.578;05.591;0.0
05.578;05.592;0.0
05.578;05.593;0.0
05.578;05.594;0.213333
05.578;05.595;0.0
05.578;05.596;0.0
05.578;05.597;0.0
05.578;05.598;0.0
05.578;05.599;0.0
05.578;05.600;0.0
05.578;05.601;0.0
05.578;05.604;0.181818
05.578;05.607;0.1
05.578;05.611;0.0
05.578;05.613;0.157895
05.578;05.614;0
05.578;05.615;0.0
05.578;05.616;0.0
05.578;22.400;0.0
05.579;05.554;0.0
05.579;05.555;0.0
05.579;05.556;0.0
05.579;05.557;0.0
05.579;05.558;0.0
05.579;05.559;0.0
05.579;05.560;0.0
05.579;05.561;0.0
05.579;05.562;0.0
05.579;05.563;0
05.579;05.564;0.0
05.579;05.565;0.0
05.579;05.566;0.0588235
05.579;05.567;0
05.579;05.568;0.2
05.579;05.569;0.0
05.579;05.570;0.0
05.579;05.571;0.148148
05.579;05.572;0
05.579;05.573;0.272727
05.579;05.574;0.0625
05.579;05.575;0.05
05.579;05.576;0.0
05.579;05.577;0.0
05.579;05.578;0.0
05.579;05.579;0.277778
05.579;05.580;0.0
05.579;05.581;0.0956522
05.579;05.582;0.136364
05.579;05.583;0.12
05.579;05.584;0.176471
05.579;05.585;0.0909091
05.579;05.586;0.0512821
05.579;05.587;0.0434783
05.579;05.588;0.0
05.579;05.589;0.117647
05.579;05.590;0.0833333
05.579;05.591;0.1
05.579;05.592;0.0
05.579;05.593;0.0
05.579;05.594;0.0
05.579;05.595;0.0
05.579;05.596;0.0
05.579;05.597;0
05.579;05.598;0.0
05.579;05.599;0.0
05.579;05.600;0.0
05.579;05.601;0.0666667
05.579;05.604;0.0
05.579;05.607;0.0
05.579;05.611;0.0588235
05.579;05.613;0.0
05.579;05.614;0.0
05.579;05.615;0.0
05.579;05.616;0.1
05.579;22.400;0.0
05.580;05.554;0.0
05.580;05.555;0.0
05.580;05.556;0.0
05.580;05.557;0.0
05.580;05.558;0.0
05.580;05.559;0.214286
05.580;05.560;0.0833333
05.580;05.561;0.0
05.580;05.562;0.0
05.580;05.563;0.142857
05.580;05.564;0.0
05.580;05.565;0.0
05.580;05.566;0.0769231
05.580;05.567;0.0
05.580;05.568;0.0
05.580;05.569;0.0
05.580;05.570;0.0
05.580;05.571;0.176471
05.580;05.572;0.0526316
05.580;05.573;0.0
05.580;05.574;0.0
05.580;05.575;0.176471
05.580;05.576;0.0
05.580;05.577;0.0555556
05.580;05.578;0.2
05.580;05.579;0.0
05.580;05.580;0.125
05.580;05.581;0.0
05.580;05.582;0.153846
05.580;05.583;0.0
05.580;05.584;0.0851064
05.580;05.585;0.166667
05.580;05.586;0.0
05.580;05.587;0.0
05.580;05.588;0.0833333
05.580;05.589;0.0425532
05.580;05.590;0.25
05.580;05.591;0.0
05.580;05.592;0.0
05.580;05.593;0.0769231
05.580;05.594;0.16
05.580;05.595;0.0833333
05.580;05.596;0
05.580;05.597;0.0
05.580;05.598;0.0
05.580;05.599;0.0
05.580;05.600;0.0
05.580;05.601;0.142857
05.580;05.604;0
05.580;05.607;0.0238095
05.580;05.611;0.0
05.580;05.613;0.0826446
05.580;05.614;0
05.580;05.615;0.0
05.580;05.616;0.08
05.580;22.400;0.0
05.581;05.554;0.0
05.581;05.555;0.0
05.581;05.556;0.0
05.581;05.557;0.0
05.581;05.558;0
05.581;05.559;0.181818
05.581;05.560;0
05.581;05.561;0.0
05.581;05.562;0.0
05.581;05.563;0.0
05.581;05.564;0.0
05.581;05.565;0.0
05.581;05.566;0.230769
05.581;05.567;0.181818
05.581;05.568;0
05.581;05.569;0.428571
05.581;05.570;0.0
05.581;05.571;0.107143
05.581;05.572;0.0555556
05.581;05.573;0.0
05.581;05.574;0.0645161
05.581;05.575;0.12
05.581;05.576;0.235294
05.581;05.577;0.0
05.581;05.578;0.0
05.581;05.579;0.0956522
05.581;05.580;0.0
05.581;05.581;0.0625
05.581;05.582;0
05.581;05.583;0.115578
05.581;05.584;0.318182
05.581;05.585;0.05
05.581;05.586;0.08
05.581;05.587;0.0882353
05.581;05.588;0.0
05.581;05.589;0.1875
05.581;05.590;0.105263
05.581;05.591;0.0769231
05.581;05.592;0.0833333
05.581;05.593;0.0
05.581;05.594;0.0
05.581;05.595;0.0
05.581;05.596;0.0
05.581;05.597;0.0322581
05.581;05.598;0
05.581;05.599;0.0384615
05.581;05.600;0.0
05.581;05.601;0.04
05.581;05.604;0.0
05.581;05.607;0.0
05.581;05.611;0
05.581;05.613;0.0
05.581;05.614;0.0625
05.581;05.615;0.0
05.581;05.616;0.0333333
05.581;22.400;0.0
05.582;05.554;0.428571
05.582;05.555;0.175
05.582;05.556;0.0724638
05.582;05.557;0.216216
05.582;05.558;0.0947368
05.582;05.559;0.0933333
05.582;05.560;0.0571429
05.582;05.561;0.08
05.582;05.562;0.272727
05.582;05.563;0.180328
05.582;05.564;0.157025
05.582;05.565;0.323077
05.582;05.566;0.105485
05.582;05.567;0.130769
05.582;05.568;0.0769231
05.582;05.569;0.123288
05.582;05.570;0.311475
05.582;05.571;0.116935
05.582;05.572;0.0572519
05.582;05.573;0.134146
05.582;05.574;0.027027
05.582;05.575;0.0988372
05.582;05.576;0.142857
05.582;05.577;0.0
05.582;05.578;0.238095
05.582;05.579;0.136364
05.582;05.580;0.153846
05.582;05.581;0
05.582;05.582;0.350318
05.582;05.583;0.333333
05.582;05.584;0.2
05.582;05.585;0.158371
05.582;05.586;0.0729167
05.582;05.587;0.0526316
05.582;05.588;0
05.582;05.589;0.0863095
05.582;05.590;0.139535
05.582;05.591;0.25
05.582;05.592;0
05.582;05.593;0.0588235
05.582;05.594;0.0
05.582;05.595;0.0540541
05.582;05.596;0.135802
05.582;05.597;0.0721649
05.582;05.598;0
05.582;05.599;0.0238095
05.582;05.600;0.0851064
05.582;05.601;0.0810811
05.582;05.604;0.097561
05.582;05.607;0.0566038
05.582;05.611;0.146067
05.582;05.613;0.0754717
05.582;05.614;0.148936
05.582;05.615;0.0
05.582;05.616;0.0357143
05.582;22.400;0.0
05.583;05.554;0.0
05.583;05.555;0.0
05.583;05.556;0.1
05.583;05.557;0.0
05.583;05.558;0.0
05.583;05.559;0.0
05.583;05.560;0.0833333
05.583;05.561;0.0
05.583;05.562;0.0
05.583;05.563;0.0
05.583;05.564;0.0
05.583;05.565;0.0
05.583;05.566;0.307692
05.583;05.567;0.0
05.583;05.568;0.4
05.583;05.569;0.0
05.583;05.570;0.0
05.583;05.571;0.25
05.583;05.572;0.0625
05.583;05.573;0.0
05.583;05.574;0.0740741
05.583;05.575;0.136364
05.583;05.576;0.272727
05.583;05.577;0.0
05.583;05.578;0.0
05.583;05.579;0.12
05.583;05.580;0.0
05.583;05.581;0.115578
05.583;05.582;0.333333
05.583;05.583;0.44
05.583;05.584;0.307692
05.583;05.585;0.214286
05.583;05.586;0.115385
05.583;05.587;0.15625
05.583;05.588;0.0
05.583;05.589;0.22449
05.583;05.590;0.117647
05.583;05.591;0.1875
05.583;05.592;0.181818
05.583;05.593;0.0
05.583;05.594;0.0
05.583;05.595;0.0
05.583;05.596;0.0
05.583;05.597;0.111111
05.583;05.598;0.1
05.583;05.599;0
05.583;05.600;0.0
05.583;05.601;0.117647
05.583;05.604;0.0
05.583;05.607;0.0
05.583;05.611;0.0588235
05.583;05.613;0.0
05.583;05.614;0
05.583;05.615;0.0
05.583;05.616;0.103448
05.583;22.400;0.0
05.584;05.554;0.0
05.584;05.555;0.0
05.584;05.556;0
05.584;05.557;0.230769
05.584;05.558;0.08
05.584;05.559;0.24
05.584;05.560;0
05.584;05.561;0.0909091
05.584;05.562;0.0
05.584;05.563;0.153846
05.584;05.564;0.111111
05.584;05.565;0.0
05.584;05.566;0.15
05.584;05.567;0.222222
05.584;05.568;0.157895
05.584;05.569;0.204545
05.584;05.570;0.1875
05.584;05.571;0.232877
05.584;05.572;0.0727273
05.584;05.573;0.275862
05.584;05.574;0.2
05.584;05.575;0.189189
05.584;05.576;0
05.584;05.577;0
05.584;05.578;0.142857
05.584;05.579;0.176471
05.584;05.580;0.0851064
05.584;05.581;0.318182
05.584;05.582;0.2
05.584;05.583;0.307692
05.584;05.584;0.27027
05.584;05.585;0.264151
05.584;05.586;0.25
05.584;05.587;0.266667
05.584;05.588;0
05.584;05.589;0.141593
05.584;05.590;0.209302
05.584;05.591;0.0
05.584;05.592;0.0
05.584;05.593;0.0273973
05.584;05.594;0.04
05.584;05.595;0.0555556
05.584;05.596;0.0930233
05.584;05.597;0.2
05.584;05.598;0.0
05.584;05.599;0.0
05.584;05.600;0
05.584;05.601;0.0769231
05.584;05.604;0.0921053
05.584;05.607;0.0285714
05.584;05.611;0.107143
05.584;05.613;0.0802139
05.584;05.614;0
05.584;05.615;0.0
05.584;05.616;0.107143
05.584;22.400;0.0
05.585;05.554;0.533333
05.585;05.555;0.296296
05.585;05.556;0.0909091
05.585;05.557;0.368421
05.585;05.558;0.17
05.585;05.559;0.181818
05.585;05.560;0.204545
05.585;05.561;0.136364
05.585;05.562;0.425532
05.585;05.563;0.298969
05.585;05.564;0.297872
05.585;05.565;0.345455
05.585;05.566;0.212598
05.585;05.567;0.304348
05.585;05.568;0.150442
05.585;05.569;0.160839
05.585;05.570;0.348837
05.585;05.571;0.18
05.585;05.572;0.15544
05.585;05.573;0.327273
05.585;05.574;0.0769231
05.585;05.575;0.181818
05.585;05.576;0.0625
05.585;05.577;0.0
05.585;05.578;0.176471
05.585;05.579;0.0909091
05.585;05.580;0.166667
05.585;05.581;0.05
05.585;05.582;0.158371
05.585;05.583;0.214286
05.585;05.584;0.264151
05.585;05.585;0.423077
05.585;05.586;0.0888889
05.585;05.587;0.176471
05.585;05.588;0
05.585;05.589;0.140541
05.585;05.590;0.186207
05.585;05.591;0.2
05.585;05.592;0.0
05.585;05.593;0.0153846
05.585;05.594;0.0833333
05.585;05.595;0.1
05.585;05.596;0.118644
05.585;05.597;0.0754717
05.585;05.598;0.0740741
05.585;05.599;0.08
05.585;05.600;0.08
05.585;05.601;0.0769231
05.585;05.604;0.0731707
05.585;05.607;0.166667
05.585;05.611;0.137255
05.585;05.613;0.162791
05.585;05.614;0.115385
05.585;05.615;0.0
05.585;05.616;0.05
05.585;22.400;0.0
05.586;05.554;0.0
05.586;05.555;0.5
05.586;05.556;0.125
05.586;05.557;0.214286
05.586;05.558;0.136364
05.586;05.559;0.166667
05.586;05.560;0
05.586;05.561;0.0
05.586;05.562;0.0
05.586;05.563;0.0526316
05.586;05.564;0.357143
05.586;05.565;0.0
05.586;05.566;0.134615
05.586;05.567;0.12
05.586;05.568;0.1
05.586;05.569;0.123077
05.586;05.570;0.15
05.586;05.571;0.125
05.586;05.572;0.0298507
05.586;05.573;0.146341
05.586;05.574;0
05.586;05.575;0.0487805
05.586;05.576;0.0
05.586;05.577;0.0
05.586;05.578;0.0
05.586;05.579;0.0512821
05.586;05.580;0.0
05.586;05.581;0.08
05.586;05.582;0.0729167
05.586;05.583;0.115385
05.586;05.584;0.25
05.586;05.585;0.0888889
05.586;05.586;0.292683
05.586;05.587;0.0635838
05.586;05.588;0.0
05.586;05.589;0.0576923
05.586;05.590;0.176471
05.586;05.591;0.0454545
05.586;05.592;0.0
05.586;05.593;0.0
05.586;05.594;0.0
05.586;05.595;0.0
05.586;05.596;0.0
05.586;05.597;0.0294118
05.586;05.598;0.0909091
05.586;05.599;0.0909091
05.586;05.600;0.0
05.586;05.601;0.0512821
05.586;05.604;0.0
05.586;05.607;0.0
05.586;05.611;0.111111
05.586;05.613;0.0
05.586;05.614;0.1
05.586;05.615;0.0
05.586;05.616;0
05.586;22.400;0.0
05.587;05.554;0.0
05.587;05.555;0.0
05.587;05.556;0.0
05.587;05.557;0.0
05.587;05.558;0.133333
05.587;05.559;0.125
05.587;05.560;0.0454545
05.587;05.561;0.0
05.587;05.562;0.0
05.587;05.563;0.272727
05.587;05.564;0.0
05.587;05.565;0.0
05.587;05.566;0
05.587;05.567;0.0
05.587;05.568;0
05.587;05.569;0.130435
05.587;05.570;0.0
05.587;05.571;0.0444444
05.587;05.572;0.0454545
05.587;05.573;0.0666667
05.587;05.574;0.114286
05.587;05.575;0.0833333
05.587;05.576;0.0
05.587;05.577;0.0
05.587;05.578;0.0
05.587;05.579;0.0434783
05.587;05.580;0.0
05.587;05.581;0.0882353
05.587;05.582;0.0526316
05.587;05.583;0.15625
05.587;05.584;0.266667
05.587;05.585;0.176471
05.587;05.586;0.0635838
05.587;05.587;0.2
05.587;05.588;0.0
05.587;05.589;0.0634921
05.587;05.590;0.176471
05.587;05.591;0.0
05.587;05.592;0.0
05.587;05.593;0.0
05.587;05.594;0.0
05.587;05.595;0.0
05.587;05.596;0.0
05.587;05.597;0
05.587;05.598;0.0666667
05.587;05.599;0
05.587;05.600;0.0
05.587;05.601;0
05.587;05.604;0.0
05.587;05.607;0.0
05.587;05.611;0.1
05.587;05.613;0.0
05.587;05.614;0
05.587;05.615;0.0
05.587;05.616;0.166667
05.587;22.400;0.0
05.588;05.554;0.0
05.588;05.555;0.0
05.588;05.556;0.0
05.588;05.557;0.0
05.588;05.558;0.0
05.588;05.559;0.0
05.588;05.560;0
05.588;05.561;0.0
05.588;05.562;0.0
05.588;05.563;0.0
05.588;05.564;0.0
05.588;05.565;0.0
05.588;05.566;0.0
05.588;05.567;0.0
05.588;05.568;0.0
05.588;05.569;0.0
05.588;05.570;0.0
05.588;05.571;0.2
05.588;05.572;0.0
05.588;05.573;0.0
05.588;05.574;0.0
05.588;05.575;0.0
05.588;05.576;0.0
05.588;05.577;0.0
05.588;05.578;0.0
05.588;05.579;0.0
05.588;05.580;0.0833333
05.588;05.581;0.0
05.588;05.582;0
05.588;05.583;0.0
05.588;05.584;0
05.588;05.585;0
05.588;05.586;0.0
05.588;05.587;0.0
05.588;05.588;0.0111111
05.588;05.589;0
05.588;05.590;0.1
05.588;05.591;0.0
05.588;05.592;0.0
05.588;05.593;0.0666667
05.588;05.594;0.0
05.588;05.595;0
05.588;05.596;0.0
05.588;05.597;0.0
05.588;05.598;0.0
05.588;05.599;0.0
05.588;05.600;0.0
05.588;05.601;0
05.588;05.604;0.0294118
05.588;05.607;0.136364
05.588;05.611;0
05.588;05.613;0.0192308
05.588;05.614;0.0
05.588;05.615;0.0
05.588;05.616;0
05.588;22.400;0.0
05.589;05.554;0.0
05.589;05.555;0.166667
05.589;05.556;0.0408163
05.589;05.557;0.14
05.589;05.558;0.0659341
05.589;05.559;0.0892857
05.589;05.560;0.0724638
05.589;05.561;0.157895
05.589;05.562;0.172414
05.589;05.563;0.0898876
05.589;05.564;0.0465116
05.589;05.565;0.0434783
05.589;05.566;0.111111
05.589;05.567;0.134615
05.589;05.568;0.032967
05.589;05.569;0.138889
05.589;05.570;0.114754
05.589;05.571;0.116751
05.589;05.572;0.0854271
05.589;05.573;0.0714286
05.589;05.574;0.0555556
05.589;05.575;0.151685
05.589;05.576;0.0512821
05.589;05.577;0.1875
05.589;05.578;0.25
05.589;05.579;0.117647
05.589;05.580;0.0425532
05.589;05.581;0.1875
05.589;05.582;0.0863095
05.589;05.583;0.22449
05.589;05.584;0.141593
05.589;05.585;0.140541
05.589;05.586;0.0576923
05.589;05.587;0.0634921
05.589;05.588;0
05.589;05.589;0.271084
05.589;05.590;0.116788
05.589;05.591;0.107143
05.589;05.592;0
05.589;05.593;0.0416667
05.589;05.594;0.04
05.589;05.595;0.111111
05.589;05.596;0.0947368
05.589;05.597;0.0641026
05.589;05.598;0.0217391
05.589;05.599;0
05.589;05.600;0.140351
05.589;05.601;0.106383
05.589;05.604;0.0707071
05.589;05.607;0
05.589;05.611;0.0743802
05.589;05.613;0.0890411
05.589;05.614;0.0434783
05.589;05.615;0.0
05.589;05.616;0.0222222
05.589;22.400;0.0
05.590;05.554;0.217391
05.590;05.555;0.154255
05.590;05.556;0.115385
05.590;05.557;0.107143
05.590;05.558;0.124424
05.590;05.559;0.165049
05.590;05.560;0.0337079
05.590;05.561;0.126761
05.590;05.562;0.220779
05.590;05.563;0.121359
05.590;05.564;0.114695
05.590;05.565;0.302326
05.590;05.566;0.104651
05.590;05.567;0.12782
05.590;05.568;0.0670391
05.590;05.569;0.12459
05.590;05.570;0.170616
05.590;05.571;0.106383
05.590;05.572;0.135338
05.590;05.573;0.163793
05.590;05.574;0.105263
05.590;05.575;0.0974026
05.590;05.576;0
05.590;05.577;0.0
05.590;05.578;0.0
05.590;05.579;0.0833333
05.590;05.580;0.25
05.590;05.581;0.105263
05.590;05.582;0.139535
05.590;05.583;0.117647
05.590;05.584;0.209302
05.590;05.585;0.186207
05.590;05.586;0.176471
05.590;05.587;0.176471
05.590;05.588;0.1
05.590;05.589;0.116788
05.590;05.590;0.272727
05.590;05.591;0.0
05.590;05.592;0.0
05.590;05.593;0.0588235
05.590;05.594;0.0
05.590;05.595;0
05.590;05.596;0.0862069
05.590;05.597;0.0833333
05.590;05.598;0
05.590;05.599;0.0625
05.590;05.600;0.0416667
05.590;05.601;0
05.590;05.604;0.0714286
05.590;05.607;0.15
05.590;05.611;0.14966
05.590;05.613;0.0851064
05.590;05.614;0.0888889
05.590;05.615;0.0
05.590;05.616;0.16
05.590;22.400;0.0
05.591;05.554;0.0
05.591;05.555;0.0
05.591;05.556;0.0
05.591;05.557;0.0
05.591;05.558;0.0
05.591;05.559;0.0
05.591;05.560;0.0
05.591;05.561;0.0
05.591;05.562;0.0
05.591;05.563;0.0
05.591;05.564;0.0
05.591;05.565;0.0
05.591;05.566;0.307692
05.591;05.567;0.0
05.591;05.568;0.0
05.591;05.569;0.2
05.591;05.570;0.0
05.591;05.571;0.0666667
05.591;05.572;0.0
05.591;05.573;0.0
05.591;05.574;0.012987
05.591;05.575;0.0
05.591;05.576;0.205882
05.591;05.577;0.0
05.591;05.578;0.0
05.591;05.579;0.1
05.591;05.580;0.0
05.591;05.581;0.0769231
05.591;05.582;0.25
05.591;05.583;0.1875
05.591;05.584;0.0
05.591;05.585;0.2
05.591;05.586;0.0454545
05.591;05.587;0.0
05.591;05.588;0.0
05.591;05.589;0.107143
05.591;05.590;0.0
05.591;05.591;0.208333
05.591;05.592;0.137931
05.591;05.593;0.0
05.591;05.594;0.0
05.591;05.595;0.0
05.591;05.596;0.0
05.591;05.597;0.171429
05.591;05.598;0.0
05.591;05.599;0.0
05.591;05.600;0.0
05.591;05.601;0
05.591;05.604;0.0
05.591;05.607;0.0
05.591;05.611;0.1
05.591;05.613;0.0
05.591;05.614;0.0
05.591;05.615;0.0
05.591;05.616;0.0
05.591;22.400;0.0
05.592;05.554;0.0
05.592;05.555;0.0
05.592;05.556;0.0
05.592;05.557;0.0
05.592;05.558;0.0
05.592;05.559;0.0
05.592;05.560;0.0
05.592;05.561;0.0
05.592;05.562;0.0
05.592;05.563;0.0
05.592;05.564;0.0
05.592;05.565;0.0
05.592;05.566;0.0
05.592;05.567;0.0
05.592;05.568;0.0
05.592;05.569;0.0
05.592;05.570;0.0
05.592;05.571;0.0
05.592;05.572;0.0
05.592;05.573;0.0
05.592;05.574;0.037037
05.592;05.575;0.0
05.592;05.576;0
05.592;05.577;0.0
05.592;05.578;0.0
05.592;05.579;0.0
05.592;05.580;0.0
05.592;05.581;0.0833333
05.592;05.582;0
05.592;05.583;0.181818
05.592;05.584;0.0
05.592;05.585;0.0
05.592;05.586;0.0
05.592;05.587;0.0
05.592;05.588;0.0
05.592;05.589;0
05.592;05.590;0.0
05.592;05.591;0.137931
05.592;05.592;0.2
05.592;05.593;0.0
05.592;05.594;0.0
05.592;05.595;0.0
05.592;05.596;0.0
05.592;05.597;0.0
05.592;05.598;0.0
05.592;05.599;0.0
05.592;05.600;0.0
05.592;05.601;0.0
05.592;05.604;0.0
05.592;05.607;0.0
05.592;05.611;0.0
05.592;05.613;0.0
05.592;05.614;0.0
05.592;05.615;0.0
05.592;05.616;0
05.592;22.400;0.0
05.593;05.554;0.0
05.593;05.555;0.357143
05.593;05.556;0
05.593;05.557;0.15
05.593;05.558;0.0322581
05.593;05.559;0
05.593;05.560;0.0625
05.593;05.561;0.0
05.593;05.562;0.130435
05.593;05.563;0.103448
05.593;05.564;0.0606061
05.593;05.565;0.0
05.593;05.566;0.0714286
05.593;05.567;0.1
05.593;05.568;0
05.593;05.569;0.0547945
05.593;05.570;0.0833333
05.593;05.571;0.0470588
05.593;05.572;0.04
05.593;05.573;0.0740741
05.593;05.574;0.0
05.593;05.575;0.0512821
05.593;05.576;0.0
05.593;05.577;0
05.593;05.578;0.0
05.593;05.579;0.0
05.593;05.580;0.0769231
05.593;05.581;0.0
05.593;05.582;0.0588235
05.593;05.583;0.0
05.593;05.584;0.0273973
05.593;05.585;0.0153846
05.593;05.586;0.0
05.593;05.587;0.0
05.593;05.588;0.0666667
05.593;05.589;0.0416667
05.593;05.590;0.0588235
05.593;05.591;0.0
05.593;05.592;0.0
05.593;05.593;0.05
05.593;05.594;0.0588235
05.593;05.595;0
05.593;05.596;0.0392157
05.593;05.597;0.0
05.593;05.598;0.0
05.593;05.599;0.0
05.593;05.600;0.0666667
05.593;05.601;0
05.593;05.604;0.03125
05.593;05.607;0.0555556
05.593;05.611;0.025641
05.593;05.613;0.0437956
05.593;05.614;0.04
05.593;05.615;0.0
05.593;05.616;0.0606061
05.593;22.400;0.0
05.594;05.554;0.0
05.594;05.555;0.0
05.594;05.556;0.0
05.594;05.557;0.0
05.594;05.558;0.0
05.594;05.559;0.0
05.594;05.560;0.0
05.594;05.561;0.0
05.594;05.562;0.0
05.594;05.563;0.0
05.594;05.564;0.0
05.594;05.565;0.0
05.594;05.566;0.0
05.594;05.567;0.0
05.594;05.568;0.0
05.594;05.569;0.0
05.594;05.570;0.0
05.594;05.571;0.0
05.594;05.572;0.0
05.594;05.573;0.0
05.594;05.574;0.0
05.594;05.575;0.181818
05.594;05.576;0.0
05.594;05.577;0.15493
05.594;05.578;0.213333
05.594;05.579;0.0
05.594;05.580;0.16
05.594;05.581;0.0
05.594;05.582;0.0
05.594;05.583;0.0
05.594;05.584;0.04
05.594;05.585;0.0833333
05.594;05.586;0.0
05.594;05.587;0.0
05.594;05.588;0.0
05.594;05.589;0.04
05.594;05.590;0.0
05.594;05.591;0.0
05.594;05.592;0.0
05.594;05.593;0.0588235
05.594;05.594;0.28125
05.594;05.595;0.0
05.594;05.596;0.0
05.594;05.597;0.0
05.594;05.598;0.0
05.594;05.599;0.0
05.594;05.600;0.0
05.594;05.601;0.0
05.594;05.604;0.0454545
05.594;05.607;0.05
05.594;05.611;0.0
05.594;05.613;0.151515
05.594;05.614;0.0
05.594;05.615;0.0
05.594;05.616;0.1
05.594;22.400;0.0
05.595;05.554;0.0
05.595;05.555;0.0
05.595;05.556;0.0
05.595;05.557;0
05.595;05.558;0.0434783
05.595;05.559;0.0625
05.595;05.560;0.157895
05.595;05.561;0.0
05.595;05.562;0.0
05.595;05.563;0
05.595;05.564;0
05.595;05.565;0.0
05.595;05.566;0.0666667
05.595;05.567;0.157895
05.595;05.568;0
05.595;05.569;0.121212
05.595;05.570;0.157895
05.595;05.571;0
05.595;05.572;0.12
05.595;05.573;0.0555556
05.595;05.574;0.0
05.595;05.575;0.125
05.595;05.576;0.0
05.595;05.577;0.0
05.595;05.578;0.0
05.595;05.579;0.0
05.595;05.580;0.0833333
05.595;05.581;0.0
05.595;05.582;0.0540541
05.595;05.583;0.0
05.595;05.584;0.0555556
05.595;05.585;0.1
05.595;05.586;0.0
05.595;05.587;0.0
05.595;05.588;0
05.595;05.589;0.111111
05.595;05.590;0
05.595;05.591;0.0
05.595;05.592;0.0
05.595;05.593;0
05.595;05.594;0.0
05.595;05.595;0.0714286
05.595;05.596;0.07109
05.595;05.597;0.0
05.595;05.598;0.0
05.595;05.599;0.0
05.595;05.600;0.033557
05.595;05.601;0.0
05.595;05.604;0.0568182
05.595;05.607;0.025641
05.595;05.611;0.0625
05.595;05.613;0.04
05.595;05.614;0.05
05.595;05.615;0.0
05.595;05.616;0.111111
05.595;22.400;0.0
05.596;05.554;0.0
05.596;05.555;0.190476
05.596;05.556;0.0833333
05.596;05.557;0.217391
05.596;05.558;0.0638298
05.596;05.559;0.0555556
05.596;05.560;0.0689655
05.596;05.561;0
05.596;05.562;0.166667
05.596;05.563;0.115385
05.596;05.564;0.0425532
05.596;05.565;0.0952381
05.596;05.566;0
05.596;05.567;0
05.596;05.568;0.097561
05.596;05.569;0.12
05.596;05.570;0.09375
05.596;05.571;0.137255
05.596;05.572;0.135135
05.596;05.573;0.0816327
05.596;05.574;0.0
05.596;05.575;0.04
05.596;05.576;0.0
05.596;05.577;0.0
05.596;05.578;0.0
05.596;05.579;0.0
05.596;05.580;0
05.596;05.581;0.0
05.596;05.582;0.135802
05.596;05.583;0.0
05.596;05.584;0.0930233
05.596;05.585;0.118644
05.596;05.586;0.0
05.596;05.587;0.0
05.596;05.588;0.0
05.596;05.589;0.0947368
05.596;05.590;0.0862069
05.596;05.591;0.0
05.596;05.592;0.0
05.596;05.593;0.0392157
05.596;05.594;0.0
05.596;05.595;0.07109
05.596;05.596;0.15873
05.596;05.597;0.0
05.596;05.598;0.0
05.596;05.599;0.0
05.596;05.600;0.0733333
05.596;05.601;0.0909091
05.596;05.604;0.042328
05.596;05.607;0.0325203
05.596;05.611;0.0232558
05.596;05.613;0.1
05.596;05.614;0
05.596;05.615;0.0
05.596;05.616;0.133333
05.596;22.400;0.0
05.597;05.554;0.0
05.597;05.555;0.0
05.597;05.556;0
05.597;05.557;0.0833333
05.597;05.558;0
05.597;05.559;0.0625
05.597;05.560;0.0689655
05.597;05.561;0.0
05.597;05.562;0.0
05.597;05.563;0
05.597;05.564;0.1
05.597;05.565;0.0
05.597;05.566;0.0740741
05.597;05.567;0.0588235
05.597;05.568;0
05.597;05.569;0.0576923
05.597;05.570;0.0416667
05.597;05.571;0.0833333
05.597;05.572;0.037037
05.597;05.573;0.117647
05.597;05.574;0.0273973
05.597;05.575;0.0869565
05.597;05.576;0.0970874
05.597;05.577;0.0
05.597;05.578;0.0
05.597;05.579;0
05.597;05.580;0.0
05.597;05.581;0.0322581
05.597;05.582;0.0721649
05.597;05.583;0.111111
05.597;05.584;0.2
05.597;05.585;0.0754717
05.597;05.586;0.0294118
05.597;05.587;0
05.597;05.588;0.0
05.597;05.589;0.0641026
05.597;05.590;0.0833333
05.597;05.591;0.171429
05.597;05.592;0.0
05.597;05.593;0.0
05.597;05.594;0.0
05.597;05.595;0.0
05.597;05.596;0.0
05.597;05.597;0.218182
05.597;05.598;0.0247525
05.597;05.599;0.0243902
05.597;05.600;0.0
05.597;05.601;0
05.597;05.604;0.0
05.597;05.607;0.0
05.597;05.611;0.03125
05.597;05.613;0.0
05.597;05.614;0
05.597;05.615;0.0
05.597;05.616;0.037037
05.597;22.400;0.0
05.598;05.554;0.0
05.598;05.555;0.0
05.598;05.556;0.0
05.598;05.557;0.0
05.598;05.558;0.0689655
05.598;05.559;0.1
05.598;05.560;0.1
05.598;05.561;0.0
05.598;05.562;0.0
05.598;05.563;0
05.598;05.564;0
05.598;05.565;0.0
05.598;05.566;0.0625
05.598;05.567;0
05.598;05.568;0
05.598;05.569;0
05.598;05.570;0
05.598;05.571;0
05.598;05.572;0.037037
05.598;05.573;0
05.598;05.574;0
05.598;05.575;0
05.598;05.576;0
05.598;05.577;0.0
05.598;05.578;0.0
05.598;05.579;0.0
05.598;05.580;0.0
05.598;05.581;0
05.598;05.582;0
05.598;05.583;0.1
05.598;05.584;0.0
05.598;05.585;0.0740741
05.598;05.586;0.0909091
05.598;05.587;0.0666667
05.598;05.588;0.0
05.598;05.589;0.0217391
05.598;05.590;0
05.598;05.591;0.0
05.598;05.592;0.0
05.598;05.593;0.0
05.598;05.594;0.0
05.598;05.595;0.0
05.598;05.596;0.0
05.598;05.597;0.0247525
05.598;05.598;0
05.598;05.599;0.0170455
05.598;05.600;0.0
05.598;05.601;0.0
05.598;05.604;0.0
05.598;05.607;0.0
05.598;05.611;0
05.598;05.613;0.0
05.598;05.614;0
05.598;05.615;0.0
05.598;05.616;0
05.598;22.400;0.0
05.599;05.554;0.0
05.599;05.555;0.0
05.599;05.556;0.0
05.599;05.557;0.0
05.599;05.558;0
05.599;05.559;0
05.599;05.560;0.05
05.599;05.561;0.0
05.599;05.562;0.0
05.599;05.563;0
05.599;05.564;0.0909091
05.599;05.565;0.0
05.599;05.566;0
05.599;05.567;0
05.599;05.568;0
05.599;05.569;0
05.599;05.570;0.0769231
05.599;05.571;0
05.599;05.572;0.0277778
05.599;05.573;0.0
05.599;05.574;0
05.599;05.575;0
05.599;05.576;0.0344828
05.599;05.577;0.0
05.599;05.578;0.0
05.599;05.579;0.0
05.599;05.580;0.0
05.599;05.581;0.0384615
05.599;05.582;0.0238095
05.599;05.583;0
05.599;05.584;0.0
05.599;05.585;0.08
05.599;05.586;0.0909091
05.599;05.587;0
05.599;05.588;0.0
05.599;05.589;0
05.599;05.590;0.0625
05.599;05.591;0.0
05.599;05.592;0.0
05.599;05.593;0.0
05.599;05.594;0.0
05.599;05.595;0.0
05.599;05.596;0.0
05.599;05.597;0.0243902
05.599;05.598;0.0170455
05.599;05.599;0.0555556
05.599;05.600;0.0
05.599;05.601;0.0
05.599;05.604;0.0
05.599;05.607;0.0
05.599;05.611;0
05.599;05.613;0.0
05.599;05.614;0
05.599;05.615;0.0
05.599;05.616;0.0238095
05.599;22.400;0.0
05.600;05.554;0.0
05.600;05.555;0.0
05.600;05.556;0.0
05.600;05.557;0.0909091
05.600;05.558;0.037037
05.600;05.559;0.125
05.600;05.560;0.0588235
05.600;05.561;0.0
05.600;05.562;0.0
05.600;05.563;0.0833333
05.600;05.564;0
05.600;05.565;0.0
05.600;05.566;0.0588235
05.600;05.567;0.0
05.600;05.568;0.0555556
05.600;05.569;0.0652174
05.600;05.570;0.0909091
05.600;05.571;0.0243902
05.600;05.572;0.0454545
05.600;05.573;0.0344828
05.600;05.574;0.0
05.600;05.575;0.0909091
05.600;05.576;0.0
05.600;05.577;0.0
05.600;05.578;0.0
05.600;05.579;0.0
05.600;05.580;0.0
05.600;05.581;0.0
05.600;05.582;0.0851064
05.600;05.583;0.0
05.600;05.584;0
05.600;05.585;0.08
05.600;05.586;0.0
05.600;05.587;0.0
05.600;05.588;0.0
05.600;05.589;0.140351
05.600;05.590;0.0416667
05.600;05.591;0.0
05.600;05.592;0.0
05.600;05.593;0.0666667
05.600;05.594;0.0
05.600;05.595;0.033557
05.600;05.596;0.0733333
05.600;05.597;0.0
05.600;05.598;0.0
05.600;05.599;0.0
05.600;05.600;0.119048
05.600;05.601;0.0
05.600;05.604;0.0291262
05.600;05.607;0.0307692
05.600;05.611;0
05.600;05.613;0.0454545
05.600;05.614;0
05.600;05.615;0.0
05.600;05.616;0.0434783
05.600;22.400;0.0
05.601;05.554;0.0
05.601;05.555;0.0
05.601;05.556;0.0
05.601;05.557;0.0
05.601;05.558;0
05.601;05.559;0.0
05.601;05.560;0
05.601;05.561;0.0
05.601;05.562;0.0
05.601;05.563;0.0
05.601;05.564;0.0
05.601;05.565;0.0
05.601;05.566;0.0714286
05.601;05.567;0.0625
05.601;05.568;0.0714286
05.601;05.569;0.142857
05.601;05.570;0.0
05.601;05.571;0.0294118
05.601;05.572;0.107143
05.601;05.573;0.0
05.601;05.574;0
05.601;05.575;0.0
05.601;05.576;0.0526316
05.601;05.577;0.0
05.601;05.578;0.0
05.601;05.579;0.0666667
05.601;05.580;0.142857
05.601;05.581;0.04
05.601;05.582;0.0810811
05.601;05.583;0.117647
05.601;05.584;0.0769231
05.601;05.585;0.0769231
05.601;05.586;0.0512821
05.601;05.587;0
05.601;05.588;0
05.601;05.589;0.106383
05.601;05.590;0
05.601;05.591;0
05.601;05.592;0.0
05.601;05.593;0
05.601;05.594;0.0
05.601;05.595;0.0
05.601;05.596;0.0909091
05.601;05.597;0
05.601;05.598;0.0
05.601;05.599;0.0
05.601;05.600;0.0
05.601;05.601;0.25
05.601;05.604;0.047619
05.601;05.607;0.0526316
05.601;05.611;0
05.601;05.613;0.037037
05.601;05.614;0.222222
05.601;05.615;0.0
05.601;05.616;0
05.601;22.400;0.0
05.604;05.554;0.0
05.604;05.555;0.0
05.604;05.556;0.0
05.604;05.557;0.153846
05.604;05.558;0.0645161
05.604;05.559;0.0909091
05.604;05.560;0.047619
05.604;05.561;0.0
05.604;05.562;0.0
05.604;05.563;0.136364
05.604;05.564;0.0454545
05.604;05.565;0.0909091
05.604;05.566;0.0833333
05.604;05.567;0.0
05.604;05.568;0.0384615
05.604;05.569;0.0222222
05.604;05.570;0.1
05.604;05.571;0.0754717
05.604;05.572;0
05.604;05.573;0.111111
05.604;05.574;0.0
05.604;05.575;0.25
05.604;05.576;0.0
05.604;05.577;0.0588235
05.604;05.578;0.181818
05.604;05.579;0.0
05.604;05.580;0
05.604;05.581;0.0
05.604;05.582;0.097561
05.604;05.583;0.0
05.604;05.584;0.0921053
05.604;05.585;0.0731707
05.604;05.586;0.0
05.604;05.587;0.0
05.604;05.588;0.0294118
05.604;05.589;0.0707071
05.604;05.590;0.0714286
05.604;05.591;0.0
05.604;05.592;0.0
05.604;05.593;0.03125
05.604;05.594;0.0454545
05.604;05.595;0.0568182
05.604;05.596;0.042328
05.604;05.597;0.0
05.604;05.598;0.0
05.604;05.599;0.0
05.604;05.600;0.0291262
05.604;05.601;0.047619
05.604;05.604;0.116279
05.604;05.607;0.0306122
05.604;05.611;0.0454545
05.604;05.613;0.0769231
05.604;05.614;0.0689655
05.604;05.615;0.0
05.604;05.616;0
05.604;22.400;0.0
05.607;05.554;0.0
05.607;05.555;0.0
05.607;05.556;0.0
05.607;05.557;0.3
05.607;05.558;0.0666667
05.607;05.559;0.0666667
05.607;05.560;0
05.607;05.561;0.0
05.607;05.562;0.1
05.607;05.563;0.0
05.607;05.564;0.117647
05.607;05.565;0.0
05.607;05.566;0.2
05.607;05.567;0.0
05.607;05.568;0.0714286
05.607;05.569;0
05.607;05.570;0.272727
05.607;05.571;0.294118
05.607;05.572;0.0909091
05.607;05.573;0.0769231
05.607;05.574;0.0
05.607;05.575;0.0909091
05.607;05.576;0.0
05.607;05.577;0.142857
05.607;05.578;0.1
05.607;05.579;0.0
05.607;05.580;0.0238095
05.607;05.581;0.0
05.607;05.582;0.0566038
05.607;05.583;0.0
05.607;05.584;0.0285714
05.607;05.585;0.166667
05.607;05.586;0.0
05.607;05.587;0.0
05.607;05.588;0.136364
05.607;05.589;0
05.607;05.590;0.15
05.607;05.591;0.0
05.607;05.592;0.0
05.607;05.593;0.0555556
05.607;05.594;0.05
05.607;05.595;0.025641
05.607;05.596;0.0325203
05.607;05.597;0.0
05.607;05.598;0.0
05.607;05.599;0.0
05.607;05.600;0.0307692
05.607;05.601;0.0526316
05.607;05.604;0.0306122
05.607;05.607;0.1
05.607;05.611;0.0625
05.607;05.613;0.0722892
05.607;05.614;0.0909091
05.607;05.615;0.0
05.607;05.616;0.0294118
05.607;22.400;0.0
05.611;05.554;0.517647
05.611;05.555;0.274194
05.611;05.556;0.15493
05.611;05.557;0.358491
05.611;05.558;0.191919
05.611;05.559;0.15493
05.611;05.560;0.0212766
05.611;05.561;0.22973
05.611;05.562;0.36875
05.611;05.563;0.206107
05.611;05.564;0.128713
05.611;05.565;0.241379
05.611;05.566;0.132948
05.611;05.567;0.159091
05.611;05.568;0.15978
05.611;05.569;0.145695
05.611;05.570;0.334928
05.611;05.571;0.145833
05.611;05.572;0.057971
05.611;05.573;0.21466
05.611;05.574;0.0714286
05.611;05.575;0.106061
05.611;05.576;0.0769231
05.611;05.577;0.0
05.611;05.578;0.0
05.611;05.579;0.0588235
05.611;05.580;0.0
05.611;05.581;0
05.611;05.582;0.146067
05.611;05.583;0.0588235
05.611;05.584;0.107143
05.611;05.585;0.137255
05.611;05.586;0.111111
05.611;05.587;0.1
05.611;05.588;0
05.611;05.589;0.0743802
05.611;05.590;0.14966
05.611;05.591;0.1
05.611;05.592;0.0
05.611;05.593;0.025641
05.611;05.594;0.0
05.611;05.595;0.0625
05.611;05.596;0.0232558
05.611;05.597;0.03125
05.611;05.598;0
05.611;05.599;0
05.611;05.600;0
05.611;05.601;0
05.611;05.604;0.0454545
05.611;05.607;0.0625
05.611;05.611;0.4
05.611;05.613;0.181818
05.611;05.614;0.0625
05.611;05.615;0.0
05.611;05.616;0.162162
05.611;22.400;0.0
05.613;05.554;0.0
05.613;05.555;0.0
05.613;05.556;0
05.613;05.557;0.272727
05.613;05.558;0.0333333
05.613;05.559;0.0833333
05.613;05.560;0
05.613;05.561;0.0
05.613;05.562;0.0
05.613;05.563;0.222222
05.613;05.564;0.0
05.613;05.565;0.0
05.613;05.566;0.130435
05.613;05.567;0.259259
05.613;05.568;0.0882353
05.613;05.569;0.135135
05.613;05.570;0.142857
05.613;05.571;0.130952
05.613;05.572;0.0789474
05.613;05.573;0.0882353
05.613;05.574;0.0
05.613;05.575;0.12069
05.613;05.576;0.0
05.613;05.577;0
05.613;05.578;0.157895
05.613;05.579;0.0
05.613;05.580;0.0826446
05.613;05.581;0.0
05.613;05.582;0.0754717
05.613;05.583;0.0
05.613;05.584;0.0802139
05.613;05.585;0.162791
05.613;05.586;0.0
05.613;05.587;0.0
05.613;05.588;0.0192308
05.613;05.589;0.0890411
05.613;05.590;0.0851064
05.613;05.591;0.0
05.613;05.592;0.0
05.613;05.593;0.0437956
05.613;05.594;0.151515
05.613;05.595;0.04
05.613;05.596;0.1
05.613;05.597;0.0
05.613;05.598;0.0
05.613;05.599;0.0
05.613;05.600;0.0454545
05.613;05.601;0.037037
05.613;05.604;0.0769231
05.613;05.607;0.0722892
05.613;05.611;0.181818
05.613;05.613;0.333333
05.613;05.614;0
05.613;05.615;0.0
05.613;05.616;0.117647
05.613;22.400;0.0
05.614;05.554;0.311594
05.614;05.555;0.146667
05.614;05.556;0.144417
05.614;05.557;0.317757
05.614;05.558;0.111111
05.614;05.559;0.204461
05.614;05.560;0.0701754
05.614;05.561;0.166667
05.614;05.562;0.231481
05.614;05.563;0.192369
05.614;05.564;0.122449
05.614;05.565;0.211302
05.614;05.566;0.18
05.614;05.567;0.137931
05.614;05.568;0.15
05.614;05.569;0.0634921
05.614;05.570;0.213964
05.614;05.571;0.197674
05.614;05.572;0.173913
05.614;05.573;0.123596
05.614;05.574;0.0625
05.614;05.575;0.108108
05.614;05.576;0
05.614;05.577;0.0
05.614;05.578;0
05.614;05.579;0.0
05.614;05.580;0
05.614;05.581;0.0625
05.614;05.582;0.148936
05.614;05.583;0
05.614;05.584;0
05.614;05.585;0.115385
05.614;05.586;0.1
05.614;05.587;0
05.614;05.588;0.0
05.614;05.589;0.0434783
05.614;05.590;0.0888889
05.614;05.591;0.0
05.614;05.592;0.0
05.614;05.593;0.04
05.614;05.594;0.0
05.614;05.595;0.05
05.614;05.596;0
05.614;05.597;0
05.614;05.598;0
05.614;05.599;0
05.614;05.600;0
05.614;05.601;0.222222
05.614;05.604;0.0689655
05.614;05.607;0.0909091
05.614;05.611;0.0625
05.614;05.613;0
05.614;05.614;0.221184
05.614;05.615;0.0
05.614;05.616;0.025641
05.614;22.400;0.185185
05.615;05.554;0.0
05.615;05.555;0.0
05.615;05.556;0.0
05.615;05.557;0.0
05.615;05.558;0.0
05.615;05.559;0.0
05.615;05.560;0.0
05.615;05.561;0.0
05.615;05.562;0.0
05.615;05.563;0.0
05.615;05.564;0.0
05.615;05.565;0.0
05.615;05.566;0.0
05.615;05.567;0.0
05.615;05.568;0.0
05.615;05.569;0.0
05.615;05.570;0.0
05.615;05.571;0.0
05.615;05.572;0.0
05.615;05.573;0.0
05.615;05.574;0.0
05.615;05.575;0.0
05.615;05.576;0.0
05.615;05.577;0.0
05.615;05.578;0.0
05.615;05.579;0.0
05.615;05.580;0.0
05.615;05.581;0.0
05.615;05.582;0.0
05.615;05.583;0.0
05.615;05.584;0.0
05.615;05.585;0.0
05.615;05.586;0.0
05.615;05.587;0.0
05.615;05.588;0.0
05.615;05.589;0.0
05.615;05.590;0.0
05.615;05.591;0.0
05.615;05.592;0.0
05.615;05.593;0.0
05.615;05.594;0.0
05.615;05.595;0.0
05.615;05.596;0.0
05.615;05.597;0.0
05.615;05.598;0.0
05.615;05.599;0.0
05.615;05.600;0.0
05.615;05.601;0.0
05.615;05.604;0.0
05.615;05.607;0.0
05.615;05.611;0.0
05.615;05.613;0.0
05.615;05.614;0.0
05.615;05.615;0.0
05.615;05.616;0.0
05.615;22.400;0.0
05.616;05.554;0.0
05.616;05.555;0.0
05.616;05.556;0.0
05.616;05.557;0.0
05.616;05.558;0
05.616;05.559;0
05.616;05.560;0.0350877
05.616;05.561;0.0
05.616;05.562;0.0
05.616;05.563;0
05.616;05.564;0.0
05.616;05.565;0.0
05.616;05.566;0.1875
05.616;05.567;0.0
05.616;05.568;0.0
05.616;05.569;0.0
05.616;05.570;0.0
05.616;05.571;0.0
05.616;05.572;0.0
05.616;05.573;0
05.616;05.574;0
05.616;05.575;0.0
05.616;05.576;0.0512821
05.616;05.577;0.0
05.616;05.578;0.0
05.616;05.579;0.1
05.616;05.580;0.08
05.616;05.581;0.0333333
05.616;05.582;0.0357143
05.616;05.583;0.103448
05.616;05.584;0.107143
05.616;05.585;0.05
05.616;05.586;0
05.616;05.587;0.166667
05.616;05.588;0
05.616;05.589;0.0222222
05.616;05.590;0.16
05.616;05.591;0.0
05.616;05.592;0
05.616;05.593;0.0606061
05.616;05.594;0.1
05.616;05.595;0.111111
05.616;05.596;0.133333
05.616;05.597;0.037037
05.616;05.598;0
05.616;05.599;0.0238095
05.616;05.600;0.0434783
05.616;05.601;0
05.616;05.604;0
05.616;05.607;0.0294118
05.616;05.611;0.162162
05.616;05.613;0.117647
05.616;05.614;0.025641
05.616;05.615;0.0
05.616;05.616;0.156997
05.616;22.400;0.0
22.400;05.554;0.0
22.400;05.555;0.0
22.400;05.556;0.0
22.400;05.557;0.0
22.400;05.558;0.0
22.400;05.559;0.0
22.400;05.560;0.0
22.400;05.561;0.0
22.400;05.562;0.4
22.400;05.563;0.25
22.400;05.564;0.0
22.400;05.565;0.153846
22.400;05.566;0.0
22.400;05.567;0.0
22.400;05.568;0.0
22.400;05.569;0.0
22.400;05.570;0.222222
22.400;05.571;0.0
22.400;05.572;0.0
22.400;05.573;0.0
22.400;05.574;0.0
22.400;05.575;0.0
22.400;05.576;0.0
22.400;05.577;0.0
22.400;05.578;0.0
22.400;05.579;0.0
22.400;05.580;0.0
22.400;05.581;0.0
22.400;05.582;0.0
22.400;05.583;0.0
22.400;05.584;0.0
22.400;05.585;0.0
22.400;05.586;0.0
22.400;05.587;0.0
22.400;05.588;0.0
22.400;05.589;0.0
22.400;05.590;0.0
22.400;05.591;0.0
22.400;05.592;0.0
22.400;05.593;0.0
22.400;05.594;0.0
22.400;05.595;0.0
22.400;05.596;0.0
22.400;05.597;0.0
22.400;05.598;0.0
22.400;05.599;0.0
22.400;05.600;0.0
22.400;05.601;0.0
22.400;05.604;0.0
22.400;05.607;0.0
22.400;05.611;0.0
22.400;05.613;0.0
22.400;05.614;0.185185
22.400;05.615;0.0
22.400;05.616;0.0
22.400;22.400;0.6
