ass1;ass2;pop
05.554;05.554;0.0
05.554;05.555;0.333052
05.554;05.556;0.597557
05.554;05.557;0.826128
05.554;05.558;0.538015
05.554;05.559;0.642733
05.554;05.560;0.307466
05.554;05.561;0.785306
05.554;05.562;0.867019
05.554;05.563;0.891911
05.554;05.564;0.18731
05.554;05.565;0.938928
05.554;05.566;0.0960789
05.554;05.567;0.131209
05.554;05.568;0.497483
05.554;05.569;0.131209
05.554;05.570;0.865839
05.554;05.571;0.267451
05.554;05.572;0.0
05.554;05.573;0.329004
05.554;05.574;0.0
05.554;05.575;0.272903
05.554;05.576;0.0
05.554;05.577;0.0
05.554;05.578;0.0
05.554;05.579;0.0
05.554;05.580;0.0
05.554;05.581;0.0
05.554;05.582;0.0687822
05.554;05.583;0.0
05.554;05.584;0.0
05.554;05.585;0.0828858
05.554;05.586;0.0
05.554;05.587;0.0
05.554;05.588;0.0
05.554;05.589;0.0
05.554;05.590;0.311959
05.554;05.591;0.0
05.554;05.592;0.0
05.554;05.593;0.0
05.554;05.594;0.0
05.554;05.595;0.0
05.554;05.596;0.0
05.554;05.597;0.0
05.554;05.598;0.0
05.554;05.599;0.0
05.554;05.600;0.0
05.554;05.601;0.0
05.554;05.604;0.0
05.554;05.607;0.0
05.554;05.611;0.437476
05.554;05.613;0.0
05.554;05.614;0.761119
05.554;05.615;0.0
05.554;05.616;0.0
05.554;22.400;0.0
05.555;05.554;0.333052
05.555;05.555;0.0
05.555;05.556;0.659637
05.555;05.557;0.733116
05.555;05.558;0.678972
05.555;05.559;0.594233
05.555;05.560;0.468644
05.555;05.561;0.62041
05.555;05.562;0.767917
05.555;05.563;0.693911
05.555;05.564;0.502793
05.555;05.565;0.755106
05.555;05.566;0.409146
05.555;05.567;0.366274
05.555;05.568;0.57917
05.555;05.569;0.504533
05.555;05.570;0.806537
05.555;05.571;0.511347
05.555;05.572;0.22458
05.555;05.573;0.72503
05.555;05.574;0.0
05.555;05.575;0.307466
05.555;05.576;0.0
05.555;05.577;0.0
05.555;05.578;0.0
05.555;05.579;0.0
05.555;05.580;0.0
05.555;05.581;0.0
05.555;05.582;0.283388
05.555;05.583;0.0
05.555;05.584;0.0
05.555;05.585;0.344736
05.555;05.586;0
05.555;05.587;0.0
05.555;05.588;0.0
05.555;05.589;0.178965
05.555;05.590;0.599744
05.555;05.591;0.0
05.555;05.592;0.0
05.555;05.593;0.0687822
05.555;05.594;0.0
05.555;05.595;0.0
05.555;05.596;0.151668
05.555;05.597;0.0
05.555;05.598;0.0
05.555;05.599;0.0
05.555;05.600;0.0
05.555;05.601;0.0
05.555;05.604;0.0
05.555;05.607;0.0
05.555;05.611;0.514671
05.555;05.613;0.0
05.555;05.614;0.553584
05.555;05.615;0.0
05.555;05.616;0.0
05.555;22.400;0.0
05.556;05.554;0.597557
05.556;05.555;0.659637
05.556;05.556;0.0
05.556;05.557;0.762595
05.556;05.558;0.710379
05.556;05.559;0.577964
05.556;05.560;0.451419
05.556;05.561;0.525897
05.556;05.562;0.76887
05.556;05.563;0.777709
05.556;05.564;0.53948
05.556;05.565;0.656366
05.556;05.566;0.522752
05.556;05.567;0.355789
05.556;05.568;0.669146
05.556;05.569;0.558964
05.556;05.570;0.938099
05.556;05.571;0.437476
05.556;05.572;0.444566
05.556;05.573;0.61644
05.556;05.574;0.0
05.556;05.575;0.348487
05.556;05.576;0.0
05.556;05.577;0.0
05.556;05.578;0.0
05.556;05.579;0.0
05.556;05.580;0.0
05.556;05.581;0.0
05.556;05.582;0.394845
05.556;05.583;0
05.556;05.584;0.0372705
05.556;05.585;0.417269
05.556;05.586;0.0960789
05.556;05.587;0.0
05.556;05.588;0.0
05.556;05.589;0.324874
05.556;05.590;0.524331
05.556;05.591;0.0
05.556;05.592;0.0
05.556;05.593;0.170265
05.556;05.594;0.0
05.556;05.595;0.0
05.556;05.596;0.0372705
05.556;05.597;0
05.556;05.598;0.0
05.556;05.599;0.0
05.556;05.600;0.0
05.556;05.601;0.0
05.556;05.604;0.0
05.556;05.607;0.0
05.556;05.611;0.54238
05.556;05.613;0.161178
05.556;05.614;0.901823
05.556;05.615;0.0
05.556;05.616;0.0
05.556;22.400;0.0
05.557;05.554;0.826128
05.557;05.555;0.733116
05.557;05.556;0.762595
05.557;05.557;0.0
05.557;05.558;0.666025
05.557;05.559;0.793475
05.557;05.560;0.522752
05.557;05.561;0.70719
05.557;05.562;0.969254
05.557;05.563;0.832146
05.557;05.564;0.422511
05.557;05.565;0.761612
05.557;05.566;0.355789
05.557;05.567;0.22458
05.557;05.568;0.711641
05.557;05.569;0.521162
05.557;05.570;0.925017
05.557;05.571;0.552216
05.557;05.572;0.293362
05.557;05.573;0.633726
05.557;05.574;0.0
05.557;05.575;0.340915
05.557;05.576;0.0
05.557;05.577;0.0
05.557;05.578;0.0
05.557;05.579;0.0
05.557;05.580;0.0
05.557;05.581;0.0
05.557;05.582;0.267451
05.557;05.583;0.0
05.557;05.584;0.0536329
05.557;05.585;0.414597
05.557;05.586;0.0687822
05.557;05.587;0.0
05.557;05.588;0.0
05.557;05.589;0.329004
05.557;05.590;0.53948
05.557;05.591;0.0
05.557;05.592;0.0
05.557;05.593;0.141694
05.557;05.594;0.0
05.557;05.595;0
05.557;05.596;0.170265
05.557;05.597;0.0372705
05.557;05.598;0.0
05.557;05.599;0.0
05.557;05.600;0.0194835
05.557;05.601;0.0
05.557;05.604;0.0536329
05.557;05.607;0
05.557;05.611;0.482609
05.557;05.613;0.0194835
05.557;05.614;0.484529
05.557;05.615;0.0
05.557;05.616;0.0
05.557;22.400;0.0
05.558;05.554;0.538015
05.558;05.555;0.678972
05.558;05.556;0.710379
05.558;05.557;0.666025
05.558;05.558;0.0
05.558;05.559;0.521162
05.558;05.560;0.538015
05.558;05.561;0.394845
05.558;05.562;0.676746
05.558;05.563;0.666025
05.558;05.564;0.591987
05.558;05.565;0.611368
05.558;05.566;0.540935
05.558;05.567;0.417269
05.558;05.568;0.768394
05.558;05.569;0.714762
05.558;05.570;0.712895
05.558;05.571;0.612392
05.558;05.572;0.493865
05.558;05.573;0.705252
05.558;05.574;0.0536329
05.558;05.575;0.397786
05.558;05.576;0.0
05.558;05.577;0.0
05.558;05.578;0.0
05.558;05.579;0.0
05.558;05.580;0.0
05.558;05.581;0.0194835
05.558;05.582;0.460213
05.558;05.583;0.0
05.558;05.584;0.18731
05.558;05.585;0.470698
05.558;05.586;0.161178
05.558;05.587;0.0828858
05.558;05.588;0.0
05.558;05.589;0.451419
05.558;05.590;0.629069
05.558;05.591;0.0
05.558;05.592;0.0
05.558;05.593;0.231283
05.558;05.594;0.0
05.558;05.595;0.170265
05.558;05.596;0.316355
05.558;05.597;0.278213
05.558;05.598;0.21765
05.558;05.599;0.131209
05.558;05.600;0.203042
05.558;05.601;0
05.558;05.604;0.231283
05.558;05.607;0.0828858
05.558;05.611;0.610338
05.558;05.613;0.22458
05.558;05.614;0.203042
05.558;05.615;0.0
05.558;05.616;0.108472
05.558;22.400;0.0
05.559;05.554;0.642733
05.559;05.555;0.594233
05.559;05.556;0.577964
05.559;05.557;0.793475
05.559;05.558;0.521162
05.559;05.559;0.0
05.559;05.560;0.355789
05.559;05.561;0.58857
05.559;05.562;0.754597
05.559;05.563;0.689052
05.559;05.564;0.435056
05.559;05.565;0.614426
05.559;05.566;0.43013
05.559;05.567;0.250166
05.559;05.568;0.517942
05.559;05.569;0.414597
05.559;05.570;0.728535
05.559;05.571;0.486431
05.559;05.572;0.288436
05.559;05.573;0.497483
05.559;05.574;0.0
05.559;05.575;0.359344
05.559;05.576;0.0
05.559;05.577;0.0194835
05.559;05.578;0.0
05.559;05.579;0.0
05.559;05.580;0.0687822
05.559;05.581;0.0194835
05.559;05.582;0.41189
05.559;05.583;0.0
05.559;05.584;0.18731
05.559;05.585;0.385758
05.559;05.586;0.120156
05.559;05.587;0.0960789
05.559;05.588;0.0
05.559;05.589;0.352171
05.559;05.590;0.476741
05.559;05.591;0.0
05.559;05.592;0.0
05.559;05.593;0.18731
05.559;05.594;0.0
05.559;05.595;0.0960789
05.559;05.596;0.120156
05.559;05.597;0.0960789
05.559;05.598;0
05.559;05.599;0.0536329
05.559;05.600;0.0960789
05.559;05.601;0.0
05.559;05.604;0.161178
05.559;05.607;0.0828858
05.559;05.611;0.400686
05.559;05.613;0.178965
05.559;05.614;0.672982
05.559;05.615;0.0
05.559;05.616;0.108472
05.559;22.400;0.0
05.560;05.554;0.307466
05.560;05.555;0.468644
05.560;05.556;0.451419
05.560;05.557;0.522752
05.560;05.558;0.538015
05.560;05.559;0.355789
05.560;05.560;0.0
05.560;05.561;0.231283
05.560;05.562;0.444566
05.560;05.563;0.543814
05.560;05.564;0.446876
05.560;05.565;0.419907
05.560;05.566;0.435056
05.560;05.567;0.283388
05.560;05.568;0.488315
05.560;05.569;0.502793
05.560;05.570;0.535052
05.560;05.571;0.472732
05.560;05.572;0.324874
05.560;05.573;0.502793
05.560;05.574;0.131209
05.560;05.575;0.316355
05.560;05.576;0.0828858
05.560;05.577;0.0
05.560;05.578;0.0
05.560;05.579;0.0
05.560;05.580;0.0372705
05.560;05.581;0.0194835
05.560;05.582;0.397786
05.560;05.583;0.0372705
05.560;05.584;0.237773
05.560;05.585;0.302872
05.560;05.586;0.210476
05.560;05.587;0.161178
05.560;05.588;0.0687822
05.560;05.589;0.394845
05.560;05.590;0.446876
05.560;05.591;0.0
05.560;05.592;0.0
05.560;05.593;0.237773
05.560;05.594;0.0
05.560;05.595;0.131209
05.560;05.596;0.21765
05.560;05.597;0.21765
05.560;05.598;0.141694
05.560;05.599;0.141694
05.560;05.600;0.108472
05.560;05.601;0.0536329
05.560;05.604;0.151668
05.560;05.607;0.151668
05.560;05.611;0.458049
05.560;05.613;0.161178
05.560;05.614;0.355789
05.560;05.615;0.0
05.560;05.616;0.355789
05.560;22.400;0.0
05.561;05.554;0.785306
05.561;05.555;0.62041
05.561;05.556;0.525897
05.561;05.557;0.70719
05.561;05.558;0.394845
05.561;05.559;0.58857
05.561;05.560;0.231283
05.561;05.561;0.0
05.561;05.562;0.77588
05.561;05.563;0.7398
05.561;05.564;0.376248
05.561;05.565;0.715997
05.561;05.566;0.256092
05.561;05.567;0.210476
05.561;05.568;0.376248
05.561;05.569;0.283388
05.561;05.570;0.786181
05.561;05.571;0.324874
05.561;05.572;0.170265
05.561;05.573;0.385758
05.561;05.574;0.0
05.561;05.575;0.337021
05.561;05.576;0.0
05.561;05.577;0.0
05.561;05.578;0.0
05.561;05.579;0.0
05.561;05.580;0.0
05.561;05.581;0.0
05.561;05.582;0.18731
05.561;05.583;0.0
05.561;05.584;0.0194835
05.561;05.585;0.161178
05.561;05.586;0.0
05.561;05.587;0.0
05.561;05.588;0.0
05.561;05.589;0.131209
05.561;05.590;0.400686
05.561;05.591;0.0
05.561;05.592;0.0
05.561;05.593;0.0
05.561;05.594;0.0
05.561;05.595;0.0
05.561;05.596;0
05.561;05.597;0.0
05.561;05.598;0.0
05.561;05.599;0.0
05.561;05.600;0.0
05.561;05.601;0.0
05.561;05.604;0.0
05.561;05.607;0.0
05.561;05.611;0.409146
05.561;05.613;0.0
05.561;05.614;0.561601
05.561;05.615;0.0
05.561;05.616;0.0
05.561;22.400;0.0
05.562;05.554;0.867019
05.562;05.555;0.767917
05.562;05.556;0.76887
05.562;05.557;0.969254
05.562;05.558;0.676746
05.562;05.559;0.754597
05.562;05.560;0.444566
05.562;05.561;0.77588
05.562;05.562;0.0
05.562;05.563;0.822869
05.562;05.564;0.460213
05.562;05.565;0.754087
05.562;05.566;0.369653
05.562;05.567;0.18731
05.562;05.568;0.656366
05.562;05.569;0.54238
05.562;05.570;0.914566
05.562;05.571;0.507969
05.562;05.572;0.261851
05.562;05.573;0.355789
05.562;05.574;0.0
05.562;05.575;0.333052
05.562;05.576;0.0
05.562;05.577;0.0
05.562;05.578;0.0
05.562;05.579;0.0
05.562;05.580;0.0
05.562;05.581;0.0
05.562;05.582;0.302872
05.562;05.583;0.0
05.562;05.584;0.0
05.562;05.585;0.316355
05.562;05.586;0.0
05.562;05.587;0.0
05.562;05.588;0.0
05.562;05.589;0.21765
05.562;05.590;0.558964
05.562;05.591;0.0
05.562;05.592;0.0
05.562;05.593;0.170265
05.562;05.594;0.0
05.562;05.595;0.0
05.562;05.596;0.120156
05.562;05.597;0.0
05.562;05.598;0.0
05.562;05.599;0.0
05.562;05.600;0.0
05.562;05.601;0.0
05.562;05.604;0.0
05.562;05.607;0
05.562;05.611;0.566777
05.562;05.613;0.0
05.562;05.614;0.815434
05.562;05.615;0.0
05.562;05.616;0.0
05.562;22.400;0
05.563;05.554;0.891911
05.563;05.555;0.693911
05.563;05.556;0.777709
05.563;05.557;0.832146
05.563;05.558;0.666025
05.563;05.559;0.689052
05.563;05.560;0.543814
05.563;05.561;0.7398
05.563;05.562;0.822869
05.563;05.563;0.0
05.563;05.564;0.570574
05.563;05.565;0.999693
05.563;05.566;0.506258
05.563;05.567;0.366274
05.563;05.568;0.612392
05.563;05.569;0.583924
05.563;05.570;0.948626
05.563;05.571;0.65554
05.563;05.572;0.470698
05.563;05.573;0.717224
05.563;05.574;0.0372705
05.563;05.575;0.497483
05.563;05.576;0.0
05.563;05.577;0
05.563;05.578;0.0
05.563;05.579;0
05.563;05.580;0.0687822
05.563;05.581;0.0
05.563;05.582;0.511347
05.563;05.583;0.0
05.563;05.584;0.195327
05.563;05.585;0.464472
05.563;05.586;0.131209
05.563;05.587;0.0194835
05.563;05.588;0.0
05.563;05.589;0.446876
05.563;05.590;0.618435
05.563;05.591;0.0
05.563;05.592;0.0
05.563;05.593;0.21765
05.563;05.594;0.0
05.563;05.595;0.0687822
05.563;05.596;0.195327
05.563;05.597;0.120156
05.563;05.598;0.0372705
05.563;05.599;0.0372705
05.563;05.600;0.0372705
05.563;05.601;0.0
05.563;05.604;0.161178
05.563;05.607;0.0
05.563;05.611;0.525897
05.563;05.613;0.120156
05.563;05.614;0.846621
05.563;05.615;0.0
05.563;05.616;0.0536329
05.563;22.400;0.178965
05.564;05.554;0.18731
05.564;05.555;0.502793
05.564;05.556;0.53948
05.564;05.557;0.422511
05.564;05.558;0.591987
05.564;05.559;0.435056
05.564;05.560;0.446876
05.564;05.561;0.376248
05.564;05.562;0.460213
05.564;05.563;0.570574
05.564;05.564;0.0
05.564;05.565;0.54238
05.564;05.566;0.649663
05.564;05.567;0.484529
05.564;05.568;0.514671
05.564;05.569;0.693911
05.564;05.570;0.574303
05.564;05.571;0.527452
05.564;05.572;0.362839
05.564;05.573;0.662056
05.564;05.574;0
05.564;05.575;0.437476
05.564;05.576;0.0
05.564;05.577;0.0
05.564;05.578;0.0
05.564;05.579;0.0
05.564;05.580;0.0
05.564;05.581;0.0
05.564;05.582;0.509665
05.564;05.583;0.0
05.564;05.584;0.120156
05.564;05.585;0.458049
05.564;05.586;0.0687822
05.564;05.587;0.0
05.564;05.588;0.0
05.564;05.589;0.298172
05.564;05.590;0.680443
05.564;05.591;0.0
05.564;05.592;0.0
05.564;05.593;0.244064
05.564;05.594;0.0
05.564;05.595;0.0828858
05.564;05.596;0.316355
05.564;05.597;0.141694
05.564;05.598;0.0372705
05.564;05.599;0.0194835
05.564;05.600;0.170265
05.564;05.601;0.0
05.564;05.604;0.161178
05.564;05.607;0.108472
05.564;05.611;0.472732
05.564;05.613;0.0
05.564;05.614;0.324874
05.564;05.615;0.0
05.564;05.616;0.0
05.564;22.400;0.0
05.565;05.554;0.938928
05.565;05.555;0.755106
05.565;05.556;0.656366
05.565;05.557;0.761612
05.565;05.558;0.611368
05.565;05.559;0.614426
05.565;05.560;0.419907
05.565;05.561;0.715997
05.565;05.562;0.754087
05.565;05.563;0.999693
05.565;05.564;0.54238
05.565;05.565;0.0
05.565;05.566;0.488315
05.565;05.567;0.359344
05.565;05.568;0.554942
05.565;05.569;0.482609
05.565;05.570;0.914333
05.565;05.571;0.501038
05.565;05.572;0.256092
05.565;05.573;0.716612
05.565;05.574;0.0
05.565;05.575;0.352171
05.565;05.576;0.0
05.565;05.577;0.0
05.565;05.578;0.0
05.565;05.579;0.0
05.565;05.580;0.0
05.565;05.581;0.0
05.565;05.582;0.382637
05.565;05.583;0.0
05.565;05.584;0.0
05.565;05.585;0.348487
05.565;05.586;0.0
05.565;05.587;0.0
05.565;05.588;0.0
05.565;05.589;0.170265
05.565;05.590;0.439867
05.565;05.591;0.0
05.565;05.592;0.0
05.565;05.593;0.0
05.565;05.594;0.0
05.565;05.595;0.0
05.565;05.596;0.151668
05.565;05.597;0.0
05.565;05.598;0.0
05.565;05.599;0.0
05.565;05.600;0.0
05.565;05.601;0.0
05.565;05.604;0.0194835
05.565;05.607;0.0
05.565;05.611;0.44223
05.565;05.613;0.0
05.565;05.614;0.757633
05.565;05.615;0.0
05.565;05.616;0.0
05.565;22.400;0.0536329
05.566;05.554;0.0960789
05.566;05.555;0.409146
05.566;05.556;0.522752
05.566;05.557;0.355789
05.566;05.558;0.540935
05.566;05.559;0.43013
05.566;05.560;0.435056
05.566;05.561;0.256092
05.566;05.562;0.369653
05.566;05.563;0.506258
05.566;05.564;0.649663
05.566;05.565;0.488315
05.566;05.566;0.0
05.566;05.567;0.62041
05.566;05.568;0.554942
05.566;05.569;0.691842
05.566;05.570;0.517942
05.566;05.571;0.597557
05.566;05.572;0.571825
05.566;05.573;0.564206
05.566;05.574;0.0
05.566;05.575;0.41189
05.566;05.576;0
05.566;05.577;0.0
05.566;05.578;0.0
05.566;05.579;0.108472
05.566;05.580;0.0536329
05.566;05.581;0.0536329
05.566;05.582;0.647091
05.566;05.583;0.0536329
05.566;05.584;0.283388
05.566;05.585;0.519558
05.566;05.586;0.337021
05.566;05.587;0.0194835
05.566;05.588;0.0
05.566;05.589;0.468644
05.566;05.590;0.581561
05.566;05.591;0.0536329
05.566;05.592;0.0
05.566;05.593;0.352171
05.566;05.594;0.0
05.566;05.595;0.0828858
05.566;05.596;0.272903
05.566;05.597;0.203042
05.566;05.598;0.0960789
05.566;05.599;0.0687822
05.566;05.600;0.108472
05.566;05.601;0.0687822
05.566;05.604;0.178965
05.566;05.607;0.141694
05.566;05.611;0.582746
05.566;05.613;0.311959
05.566;05.614;0.329004
05.566;05.615;0.0
05.566;05.616;0.0960789
05.566;22.400;0.0
05.567;05.554;0.131209
05.567;05.555;0.366274
05.567;05.556;0.355789
05.567;05.557;0.22458
05.567;05.558;0.417269
05.567;05.559;0.250166
05.567;05.560;0.283388
05.567;05.561;0.210476
05.567;05.562;0.18731
05.567;05.563;0.366274
05.567;05.564;0.484529
05.567;05.565;0.359344
05.567;05.566;0.62041
05.567;05.567;0.0
05.567;05.568;0.478716
05.567;05.569;0.57553
05.567;05.570;0.388832
05.567;05.571;0.513016
05.567;05.572;0.610338
05.567;05.573;0.482609
05.567;05.574;0
05.567;05.575;0.488315
05.567;05.576;0.0
05.567;05.577;0.0
05.567;05.578;0.0194835
05.567;05.579;0.0536329
05.567;05.580;0.0
05.567;05.581;0.0194835
05.567;05.582;0.524331
05.567;05.583;0.0
05.567;05.584;0.120156
05.567;05.585;0.311959
05.567;05.586;0.18731
05.567;05.587;0.0
05.567;05.588;0.0
05.567;05.589;0.337021
05.567;05.590;0.528995
05.567;05.591;0.0
05.567;05.592;0.0
05.567;05.593;0.22458
05.567;05.594;0.0
05.567;05.595;0.131209
05.567;05.596;0.22458
05.567;05.597;0.108472
05.567;05.598;0.0536329
05.567;05.599;0.0536329
05.567;05.600;0.0
05.567;05.601;0.0960789
05.567;05.604;0.0
05.567;05.607;0.0
05.567;05.611;0.444566
05.567;05.613;0.203042
05.567;05.614;0.21765
05.567;05.615;0.0
05.567;05.616;0.0
05.567;22.400;0.0
05.568;05.554;0.497483
05.568;05.555;0.57917
05.568;05.556;0.669146
05.568;05.557;0.711641
05.568;05.558;0.768394
05.568;05.559;0.517942
05.568;05.560;0.488315
05.568;05.561;0.376248
05.568;05.562;0.656366
05.568;05.563;0.612392
05.568;05.564;0.514671
05.568;05.565;0.554942
05.568;05.566;0.554942
05.568;05.567;0.478716
05.568;05.568;0.0
05.568;05.569;0.719658
05.568;05.570;0.72503
05.568;05.571;0.618435
05.568;05.572;0.54238
05.568;05.573;0.61644
05.568;05.574;0.131209
05.568;05.575;0.419907
05.568;05.576;0
05.568;05.577;0.0
05.568;05.578;0.0
05.568;05.579;0
05.568;05.580;0.0
05.568;05.581;0.0828858
05.568;05.582;0.543814
05.568;05.583;0
05.568;05.584;0.131209
05.568;05.585;0.495682
05.568;05.586;0.22458
05.568;05.587;0.108472
05.568;05.588;0.0
05.568;05.589;0.451419
05.568;05.590;0.589715
05.568;05.591;0.0
05.568;05.592;0.0
05.568;05.593;0.210476
05.568;05.594;0.0
05.568;05.595;0.108472
05.568;05.596;0.288436
05.568;05.597;0.178965
05.568;05.598;0.0828858
05.568;05.599;0.108472
05.568;05.600;0.120156
05.568;05.601;0.0687822
05.568;05.604;0.195327
05.568;05.607;0.210476
05.568;05.611;0.734245
05.568;05.613;0.250166
05.568;05.614;0.425083
05.568;05.615;0.0
05.568;05.616;0.0
05.568;22.400;0.0
05.569;05.554;0.131209
05.569;05.555;0.504533
05.569;05.556;0.558964
05.569;05.557;0.521162
05.569;05.558;0.714762
05.569;05.559;0.414597
05.569;05.560;0.502793
05.569;05.561;0.283388
05.569;05.562;0.54238
05.569;05.563;0.583924
05.569;05.564;0.693911
05.569;05.565;0.482609
05.569;05.566;0.691842
05.569;05.567;0.57553
05.569;05.568;0.719658
05.569;05.569;0.0
05.569;05.570;0.502793
05.569;05.571;0.66837
05.569;05.572;0.657188
05.569;05.573;0.717836
05.569;05.574;0.161178
05.569;05.575;0.532046
05.569;05.576;0.141694
05.569;05.577;0.0372705
05.569;05.578;0
05.569;05.579;0.0
05.569;05.580;0.0
05.569;05.581;0.0687822
05.569;05.582;0.548059
05.569;05.583;0.0
05.569;05.584;0.302872
05.569;05.585;0.543814
05.569;05.586;0.382637
05.569;05.587;0.170265
05.569;05.588;0.0
05.569;05.589;0.590854
05.569;05.590;0.698657
05.569;05.591;0
05.569;05.592;0.0
05.569;05.593;0.406364
05.569;05.594;0.0
05.569;05.595;0.244064
05.569;05.596;0.41189
05.569;05.597;0.337021
05.569;05.598;0.131209
05.569;05.599;0.131209
05.569;05.600;0.311959
05.569;05.601;0.0687822
05.569;05.604;0.307466
05.569;05.607;0.22458
05.569;05.611;0.696636
05.569;05.613;0.267451
05.569;05.614;0.376248
05.569;05.615;0.0
05.569;05.616;0.0
05.569;22.400;0.0
05.570;05.554;0.865839
05.570;05.555;0.806537
05.570;05.556;0.938099
05.570;05.557;0.925017
05.570;05.558;0.712895
05.570;05.559;0.728535
05.570;05.560;0.535052
05.570;05.561;0.786181
05.570;05.562;0.914566
05.570;05.563;0.948626
05.570;05.564;0.574303
05.570;05.565;0.914333
05.570;05.566;0.517942
05.570;05.567;0.388832
05.570;05.568;0.72503
05.570;05.569;0.502793
05.570;05.570;0.0
05.570;05.571;0.577964
05.570;05.572;0.417269
05.570;05.573;0.742522
05.570;05.574;0.0
05.570;05.575;0.455863
05.570;05.576;0
05.570;05.577;0.0
05.570;05.578;0.0
05.570;05.579;0.0
05.570;05.580;0.0
05.570;05.581;0.0
05.570;05.582;0.369653
05.570;05.583;0.0
05.570;05.584;0.0960789
05.570;05.585;0.439867
05.570;05.586;0.141694
05.570;05.587;0.0
05.570;05.588;0.0
05.570;05.589;0.369653
05.570;05.590;0.623337
05.570;05.591;0.0
05.570;05.592;0.0
05.570;05.593;0.178965
05.570;05.594;0.0
05.570;05.595;0.131209
05.570;05.596;0.237773
05.570;05.597;0.178965
05.570;05.598;0.0372705
05.570;05.599;0.0536329
05.570;05.600;0.0194835
05.570;05.601;0.0
05.570;05.604;0.141694
05.570;05.607;0.0194835
05.570;05.611;0.62139
05.570;05.613;0.0687822
05.570;05.614;1
05.570;05.615;0.0
05.570;05.616;0.0
05.570;22.400;0.120156
05.571;05.554;0.267451
05.571;05.555;0.511347
05.571;05.556;0.437476
05.571;05.557;0.552216
05.571;05.558;0.612392
05.571;05.559;0.486431
05.571;05.560;0.472732
05.571;05.561;0.324874
05.571;05.562;0.507969
05.571;05.563;0.65554
05.571;05.564;0.527452
05.571;05.565;0.501038
05.571;05.566;0.597557
05.571;05.567;0.513016
05.571;05.568;0.618435
05.571;05.569;0.66837
05.571;05.570;0.577964
05.571;05.571;0.0
05.571;05.572;0.601907
05.571;05.573;0.61644
05.571;05.574;0.256092
05.571;05.575;0.566777
05.571;05.576;0.141694
05.571;05.577;0
05.571;05.578;0.0687822
05.571;05.579;0.203042
05.571;05.580;0.250166
05.571;05.581;0.210476
05.571;05.582;0.656366
05.571;05.583;0.261851
05.571;05.584;0.406364
05.571;05.585;0.612392
05.571;05.586;0.403545
05.571;05.587;0.307466
05.571;05.588;0.0828858
05.571;05.589;0.609303
05.571;05.590;0.682629
05.571;05.591;0.0828858
05.571;05.592;0.0
05.571;05.593;0.437476
05.571;05.594;0.0
05.571;05.595;0.21765
05.571;05.596;0.333052
05.571;05.597;0.261851
05.571;05.598;0
05.571;05.599;0.151668
05.571;05.600;0.288436
05.571;05.601;0.250166
05.571;05.604;0.340915
05.571;05.607;0.250166
05.571;05.611;0.604047
05.571;05.613;0.435056
05.571;05.614;0.439867
05.571;05.615;0.0
05.571;05.616;0.0
05.571;22.400;0.0
05.572;05.554;0.0
05.572;05.555;0.22458
05.572;05.556;0.444566
05.572;05.557;0.293362
05.572;05.558;0.493865
05.572;05.559;0.288436
05.572;05.560;0.324874
05.572;05.561;0.170265
05.572;05.562;0.261851
05.572;05.563;0.470698
05.572;05.564;0.362839
05.572;05.565;0.256092
05.572;05.566;0.571825
05.572;05.567;0.610338
05.572;05.568;0.54238
05.572;05.569;0.657188
05.572;05.570;0.417269
05.572;05.571;0.601907
05.572;05.572;0.0
05.572;05.573;0.470698
05.572;05.574;0.108472
05.572;05.575;0.640072
05.572;05.576;0.0
05.572;05.577;0.0
05.572;05.578;0.0194835
05.572;05.579;0.18731
05.572;05.580;0.131209
05.572;05.581;0.120156
05.572;05.582;0.667592
05.572;05.583;0.0960789
05.572;05.584;0.348487
05.572;05.585;0.605109
05.572;05.586;0.388832
05.572;05.587;0.161178
05.572;05.588;0.0
05.572;05.589;0.611368
05.572;05.590;0.528995
05.572;05.591;0.0
05.572;05.592;0.0
05.572;05.593;0.329004
05.572;05.594;0.0
05.572;05.595;0.18731
05.572;05.596;0.267451
05.572;05.597;0.344736
05.572;05.598;0.203042
05.572;05.599;0.261851
05.572;05.600;0.161178
05.572;05.601;0.210476
05.572;05.604;0.231283
05.572;05.607;0.161178
05.572;05.611;0.536539
05.572;05.613;0.414597
05.572;05.614;0.311959
05.572;05.615;0.0
05.572;05.616;0.0
05.572;22.400;0.0
05.573;05.554;0.329004
05.573;05.555;0.72503
05.573;05.556;0.61644
05.573;05.557;0.633726
05.573;05.558;0.705252
05.573;05.559;0.497483
05.573;05.560;0.502793
05.573;05.561;0.385758
05.573;05.562;0.355789
05.573;05.563;0.717224
05.573;05.564;0.662056
05.573;05.565;0.716612
05.573;05.566;0.564206
05.573;05.567;0.482609
05.573;05.568;0.61644
05.573;05.569;0.717836
05.573;05.570;0.742522
05.573;05.571;0.61644
05.573;05.572;0.470698
05.573;05.573;0.0
05.573;05.574;0.0687822
05.573;05.575;0.432608
05.573;05.576;0
05.573;05.577;0.0
05.573;05.578;0.0
05.573;05.579;0.0194835
05.573;05.580;0.0
05.573;05.581;0.0
05.573;05.582;0.571825
05.573;05.583;0.0
05.573;05.584;0.21765
05.573;05.585;0.490182
05.573;05.586;0.288436
05.573;05.587;0.0828858
05.573;05.588;0.0
05.573;05.589;0.435056
05.573;05.590;0.642733
05.573;05.591;0.0
05.573;05.592;0.0
05.573;05.593;0.344736
05.573;05.594;0.0
05.573;05.595;0.120156
05.573;05.596;0.324874
05.573;05.597;0.250166
05.573;05.598;0.108472
05.573;05.599;0.0
05.573;05.600;0.21765
05.573;05.601;0.0
05.573;05.604;0.261851
05.573;05.607;0.195327
05.573;05.611;0.60298
05.573;05.613;0.250166
05.573;05.614;0.446876
05.573;05.615;0.0
05.573;05.616;0.0536329
05.573;22.400;0.0
05.574;05.554;0.0
05.574;05.555;0.0
05.574;05.556;0.0
05.574;05.557;0.0
05.574;05.558;0.0536329
05.574;05.559;0.0
05.574;05.560;0.131209
05.574;05.561;0.0
05.574;05.562;0.0
05.574;05.563;0.0372705
05.574;05.564;0
05.574;05.565;0.0
05.574;05.566;0.0
05.574;05.567;0
05.574;05.568;0.131209
05.574;05.569;0.161178
05.574;05.570;0.0
05.574;05.571;0.256092
05.574;05.572;0.108472
05.574;05.573;0.0687822
05.574;05.574;0.0
05.574;05.575;0.0687822
05.574;05.576;0.499268
05.574;05.577;0.0
05.574;05.578;0.0
05.574;05.579;0.0960789
05.574;05.580;0.0
05.574;05.581;0.231283
05.574;05.582;0.267451
05.574;05.583;0.203042
05.574;05.584;0
05.574;05.585;0.195327
05.574;05.586;0.256092
05.574;05.587;0.256092
05.574;05.588;0.0
05.574;05.589;0.344736
05.574;05.590;0.131209
05.574;05.591;0.417269
05.574;05.592;0.203042
05.574;05.593;0.0
05.574;05.594;0.0
05.574;05.595;0.0
05.574;05.596;0.0
05.574;05.597;0.406364
05.574;05.598;0.18731
05.574;05.599;0.18731
05.574;05.600;0.0
05.574;05.601;0.231283
05.574;05.604;0.0
05.574;05.607;0.0
05.574;05.611;0.0687822
05.574;05.613;0.0
05.574;05.614;0.0960789
05.574;05.615;0.0
05.574;05.616;0.261851
05.574;22.400;0.0
05.575;05.554;0.272903
05.575;05.555;0.307466
05.575;05.556;0.348487
05.575;05.557;0.340915
05.575;05.558;0.397786
05.575;05.559;0.359344
05.575;05.560;0.316355
05.575;05.561;0.337021
05.575;05.562;0.333052
05.575;05.563;0.497483
05.575;05.564;0.437476
05.575;05.565;0.352171
05.575;05.566;0.41189
05.575;05.567;0.488315
05.575;05.568;0.419907
05.575;05.569;0.532046
05.575;05.570;0.455863
05.575;05.571;0.566777
05.575;05.572;0.640072
05.575;05.573;0.432608
05.575;05.574;0.0687822
05.575;05.575;0.0
05.575;05.576;0.0
05.575;05.577;0.0
05.575;05.578;0.0194835
05.575;05.579;0.141694
05.575;05.580;0.108472
05.575;05.581;0.18731
05.575;05.582;0.581561
05.575;05.583;0.161178
05.575;05.584;0.267451
05.575;05.585;0.631876
05.575;05.586;0.288436
05.575;05.587;0.178965
05.575;05.588;0.0
05.575;05.589;0.58857
05.575;05.590;0.558964
05.575;05.591;0.0
05.575;05.592;0.0
05.575;05.593;0.278213
05.575;05.594;0.0194835
05.575;05.595;0.0960789
05.575;05.596;0.18731
05.575;05.597;0.170265
05.575;05.598;0.0536329
05.575;05.599;0.0828858
05.575;05.600;0.161178
05.575;05.601;0.0
05.575;05.604;0.0960789
05.575;05.607;0.0194835
05.575;05.611;0.385758
05.575;05.613;0.359344
05.575;05.614;0.267451
05.575;05.615;0.0
05.575;05.616;0.0
05.575;22.400;0.0
05.576;05.554;0.0
05.576;05.555;0.0
05.576;05.556;0.0
05.576;05.557;0.0
05.576;05.558;0.0
05.576;05.559;0.0
05.576;05.560;0.0828858
05.576;05.561;0.0
05.576;05.562;0.0
05.576;05.563;0.0
05.576;05.564;0.0
05.576;05.565;0.0
05.576;05.566;0
05.576;05.567;0.0
05.576;05.568;0
05.576;05.569;0.141694
05.576;05.570;0
05.576;05.571;0.141694
05.576;05.572;0.0
05.576;05.573;0
05.576;05.574;0.499268
05.576;05.575;0.0
05.576;05.576;0.0
05.576;05.577;0.0
05.576;05.578;0.0
05.576;05.579;0.0
05.576;05.580;0.0
05.576;05.581;0.108472
05.576;05.582;0.210476
05.576;05.583;0.0194835
05.576;05.584;0.0194835
05.576;05.585;0.0960789
05.576;05.586;0.0
05.576;05.587;0.0
05.576;05.588;0.0
05.576;05.589;0.278213
05.576;05.590;0.0828858
05.576;05.591;0.250166
05.576;05.592;0.120156
05.576;05.593;0.0
05.576;05.594;0.0
05.576;05.595;0.0
05.576;05.596;0.0
05.576;05.597;0.476741
05.576;05.598;0.0687822
05.576;05.599;0.21765
05.576;05.600;0.0
05.576;05.601;0.131209
05.576;05.604;0.0
05.576;05.607;0.0
05.576;05.611;0.0536329
05.576;05.613;0.0
05.576;05.614;0.0828858
05.576;05.615;0.0
05.576;05.616;0.278213
05.576;22.400;0.0
05.577;05.554;0.0
05.577;05.555;0.0
05.577;05.556;0.0
05.577;05.557;0.0
05.577;05.558;0.0
05.577;05.559;0.0194835
05.577;05.560;0.0
05.577;05.561;0.0
05.577;05.562;0.0
05.577;05.563;0
05.577;05.564;0.0
05.577;05.565;0.0
05.577;05.566;0.0
05.577;05.567;0.0
05.577;05.568;0.0
05.577;05.569;0.0372705
05.577;05.570;0.0
05.577;05.571;0
05.577;05.572;0.0
05.577;05.573;0.0
05.577;05.574;0.0
05.577;05.575;0.0
05.577;05.576;0.0
05.577;05.577;0.0
05.577;05.578;0.376248
05.577;05.579;0.0
05.577;05.580;0.120156
05.577;05.581;0.0
05.577;05.582;0.0
05.577;05.583;0.0
05.577;05.584;0.151668
05.577;05.585;0.0
05.577;05.586;0.0
05.577;05.587;0.0
05.577;05.588;0.0
05.577;05.589;0.0960789
05.577;05.590;0.0
05.577;05.591;0.0
05.577;05.592;0.0
05.577;05.593;0.0194835
05.577;05.594;0.400686
05.577;05.595;0.0
05.577;05.596;0.0
05.577;05.597;0.0
05.577;05.598;0.0
05.577;05.599;0.0
05.577;05.600;0.0
05.577;05.601;0.0
05.577;05.604;0.108472
05.577;05.607;0.0687822
05.577;05.611;0.0
05.577;05.613;0.161178
05.577;05.614;0.0
05.577;05.615;0.0
05.577;05.616;0.0
05.577;22.400;0.0
05.578;05.554;0.0
05.578;05.555;0.0
05.578;05.556;0.0
05.578;05.557;0.0
05.578;05.558;0.0
05.578;05.559;0.0
05.578;05.560;0.0
05.578;05.561;0.0
05.578;05.562;0.0
05.578;05.563;0.0
05.578;05.564;0.0
05.578;05.565;0.0
05.578;05.566;0.0
05.578;05.567;0.0194835
05.578;05.568;0.0
05.578;05.569;0
05.578;05.570;0.0
05.578;05.571;0.0687822
05.578;05.572;0.0194835
05.578;05.573;0.0
05.578;05.574;0.0
05.578;05.575;0.0194835
05.578;05.576;0.0
05.578;05.577;0.376248
05.578;05.578;0.0
05.578;05.579;0.0
05.578;05.580;0.0828858
05.578;05.581;0.0
05.578;05.582;0.151668
05.578;05.583;0.0
05.578;05.584;0.151668
05.578;05.585;0.108472
05.578;05.586;0.0
05.578;05.587;0.0
05.578;05.588;0.0
05.578;05.589;0.178965
05.578;05.590;0.0
05.578;05.591;0.0
05.578;05.592;0.0
05.578;05.593;0.0
05.578;05.594;0.41189
05.578;05.595;0.0
05.578;05.596;0.0
05.578;05.597;0.0
05.578;05.598;0.0
05.578;05.599;0.0
05.578;05.600;0.0
05.578;05.601;0.0
05.578;05.604;0.0194835
05.578;05.607;0
05.578;05.611;0.0
05.578;05.613;0.131209
05.578;05.614;0
05.578;05.615;0.0
05.578;05.616;0.0
05.578;22.400;0.0
05.579;05.554;0.0
05.579;05.555;0.0
05.579;05.556;0.0
05.579;05.557;0.0
05.579;05.558;0.0
05.579;05.559;0.0
05.579;05.560;0.0
05.579;05.561;0.0
05.579;05.562;0.0
05.579;05.563;0
05.579;05.564;0.0
05.579;05.565;0.0
05.579;05.566;0.108472
05.579;05.567;0.0536329
05.579;05.568;0
05.579;05.569;0.0
05.579;05.570;0.0
05.579;05.571;0.203042
05.579;05.572;0.18731
05.579;05.573;0.0194835
05.579;05.574;0.0960789
05.579;05.575;0.141694
05.579;05.576;0.0
05.579;05.577;0.0
05.579;05.578;0.0
05.579;05.579;0.0
05.579;05.580;0.0
05.579;05.581;0.499268
05.579;05.582;0.302872
05.579;05.583;0.516313
05.579;05.584;0.108472
05.579;05.585;0.161178
05.579;05.586;0.278213
05.579;05.587;0.170265
05.579;05.588;0.0
05.579;05.589;0.333052
05.579;05.590;0.0372705
05.579;05.591;0
05.579;05.592;0.0
05.579;05.593;0.0
05.579;05.594;0.0
05.579;05.595;0.0
05.579;05.596;0.0
05.579;05.597;0.0687822
05.579;05.598;0.0
05.579;05.599;0.0
05.579;05.600;0.0
05.579;05.601;0.0828858
05.579;05.604;0.0
05.579;05.607;0.0
05.579;05.611;0.108472
05.579;05.613;0.0
05.579;05.614;0.0
05.579;05.615;0.0
05.579;05.616;0
05.579;22.400;0.0
05.580;05.554;0.0
05.580;05.555;0.0
05.580;05.556;0.0
05.580;05.557;0.0
05.580;05.558;0.0
05.580;05.559;0.0687822
05.580;05.560;0.0372705
05.580;05.561;0.0
05.580;05.562;0.0
05.580;05.563;0.0687822
05.580;05.564;0.0
05.580;05.565;0.0
05.580;05.566;0.0536329
05.580;05.567;0.0
05.580;05.568;0.0
05.580;05.569;0.0
05.580;05.570;0.0
05.580;05.571;0.250166
05.580;05.572;0.131209
05.580;05.573;0.0
05.580;05.574;0.0
05.580;05.575;0.108472
05.580;05.576;0.0
05.580;05.577;0.120156
05.580;05.578;0.0828858
05.580;05.579;0.0
05.580;05.580;0.0
05.580;05.581;0.0
05.580;05.582;0.195327
05.580;05.583;0.0
05.580;05.584;0.540935
05.580;05.585;0.120156
05.580;05.586;0.0
05.580;05.587;0.0
05.580;05.588;0.0372705
05.580;05.589;0.316355
05.580;05.590;0.0372705
05.580;05.591;0.0
05.580;05.592;0.0
05.580;05.593;0.195327
05.580;05.594;0.18731
05.580;05.595;0.0372705
05.580;05.596;0.0960789
05.580;05.597;0.0
05.580;05.598;0.0
05.580;05.599;0.0
05.580;05.600;0.0
05.580;05.601;0.0687822
05.580;05.604;0.231283
05.580;05.607;0.293362
05.580;05.611;0.0
05.580;05.613;0.509665
05.580;05.614;0
05.580;05.615;0.0
05.580;05.616;0.18731
05.580;22.400;0.0
05.581;05.554;0.0
05.581;05.555;0.0
05.581;05.556;0.0
05.581;05.557;0.0
05.581;05.558;0.0194835
05.581;05.559;0.0194835
05.581;05.560;0.0194835
05.581;05.561;0.0
05.581;05.562;0.0
05.581;05.563;0.0
05.581;05.564;0.0
05.581;05.565;0.0
05.581;05.566;0.0536329
05.581;05.567;0.0194835
05.581;05.568;0.0828858
05.581;05.569;0.0687822
05.581;05.570;0.0
05.581;05.571;0.210476
05.581;05.572;0.120156
05.581;05.573;0.0
05.581;05.574;0.231283
05.581;05.575;0.18731
05.581;05.576;0.108472
05.581;05.577;0.0
05.581;05.578;0.0
05.581;05.579;0.499268
05.581;05.580;0.0
05.581;05.581;0.0
05.581;05.582;0.170265
05.581;05.583;0.611368
05.581;05.584;0.161178
05.581;05.585;0.141694
05.581;05.586;0.329004
05.581;05.587;0.250166
05.581;05.588;0.0
05.581;05.589;0.320659
05.581;05.590;0.131209
05.581;05.591;0.0536329
05.581;05.592;0.0372705
05.581;05.593;0.0
05.581;05.594;0.0
05.581;05.595;0.0
05.581;05.596;0.0
05.581;05.597;0.231283
05.581;05.598;0.0687822
05.581;05.599;0.195327
05.581;05.600;0.0
05.581;05.601;0.18731
05.581;05.604;0.0
05.581;05.607;0.0
05.581;05.611;0.0372705
05.581;05.613;0.0
05.581;05.614;0.0960789
05.581;05.615;0.0
05.581;05.616;0.22458
05.581;22.400;0.0
05.582;05.554;0.0687822
05.582;05.555;0.283388
05.582;05.556;0.394845
05.582;05.557;0.267451
05.582;05.558;0.460213
05.582;05.559;0.41189
05.582;05.560;0.397786
05.582;05.561;0.18731
05.582;05.562;0.302872
05.582;05.563;0.511347
05.582;05.564;0.509665
05.582;05.565;0.382637
05.582;05.566;0.647091
05.582;05.567;0.524331
05.582;05.568;0.543814
05.582;05.569;0.548059
05.582;05.570;0.369653
05.582;05.571;0.656366
05.582;05.572;0.667592
05.582;05.573;0.571825
05.582;05.574;0.267451
05.582;05.575;0.581561
05.582;05.576;0.210476
05.582;05.577;0.0
05.582;05.578;0.151668
05.582;05.579;0.302872
05.582;05.580;0.195327
05.582;05.581;0.170265
05.582;05.582;0.0
05.582;05.583;0.0372705
05.582;05.584;0.470698
05.582;05.585;0.632803
05.582;05.586;0.462353
05.582;05.587;0.272903
05.582;05.588;0.0960789
05.582;05.589;0.718445
05.582;05.590;0.627176
05.582;05.591;0.178965
05.582;05.592;0.0687822
05.582;05.593;0.437476
05.582;05.594;0.0
05.582;05.595;0.267451
05.582;05.596;0.427622
05.582;05.597;0.464472
05.582;05.598;0.307466
05.582;05.599;0.293362
05.582;05.600;0.316355
05.582;05.601;0.267451
05.582;05.604;0.43013
05.582;05.607;0.340915
05.582;05.611;0.58857
05.582;05.613;0.482609
05.582;05.614;0.316355
05.582;05.615;0.0
05.582;05.616;0.210476
05.582;22.400;0.0
05.583;05.554;0.0
05.583;05.555;0.0
05.583;05.556;0
05.583;05.557;0.0
05.583;05.558;0.0
05.583;05.559;0.0
05.583;05.560;0.0372705
05.583;05.561;0.0
05.583;05.562;0.0
05.583;05.563;0.0
05.583;05.564;0.0
05.583;05.565;0.0
05.583;05.566;0.0536329
05.583;05.567;0.0
05.583;05.568;0
05.583;05.569;0.0
05.583;05.570;0.0
05.583;05.571;0.261851
05.583;05.572;0.0960789
05.583;05.573;0.0
05.583;05.574;0.203042
05.583;05.575;0.161178
05.583;05.576;0.0194835
05.583;05.577;0.0
05.583;05.578;0.0
05.583;05.579;0.516313
05.583;05.580;0.0
05.583;05.581;0.611368
05.583;05.582;0.0372705
05.583;05.583;0.0
05.583;05.584;0.195327
05.583;05.585;0.0687822
05.583;05.586;0.337021
05.583;05.587;0.237773
05.583;05.588;0.0
05.583;05.589;0.324874
05.583;05.590;0.108472
05.583;05.591;0.0960789
05.583;05.592;0.0194835
05.583;05.593;0.0
05.583;05.594;0.0
05.583;05.595;0.0
05.583;05.596;0.0
05.583;05.597;0.203042
05.583;05.598;0
05.583;05.599;0.0194835
05.583;05.600;0.0
05.583;05.601;0.250166
05.583;05.604;0.0
05.583;05.607;0.0
05.583;05.611;0.108472
05.583;05.613;0.0
05.583;05.614;0.0687822
05.583;05.615;0.0
05.583;05.616;0.21765
05.583;22.400;0.0
05.584;05.554;0.0
05.584;05.555;0.0
05.584;05.556;0.0372705
05.584;05.557;0.0536329
05.584;05.558;0.18731
05.584;05.559;0.18731
05.584;05.560;0.237773
05.584;05.561;0.0194835
05.584;05.562;0.0
05.584;05.563;0.195327
05.584;05.564;0.120156
05.584;05.565;0.0
05.584;05.566;0.283388
05.584;05.567;0.120156
05.584;05.568;0.131209
05.584;05.569;0.302872
05.584;05.570;0.0960789
05.584;05.571;0.406364
05.584;05.572;0.348487
05.584;05.573;0.21765
05.584;05.574;0
05.584;05.575;0.267451
05.584;05.576;0.0194835
05.584;05.577;0.151668
05.584;05.578;0.151668
05.584;05.579;0.108472
05.584;05.580;0.540935
05.584;05.581;0.161178
05.584;05.582;0.470698
05.584;05.583;0.195327
05.584;05.584;0.0
05.584;05.585;0.340915
05.584;05.586;0.178965
05.584;05.587;0.0828858
05.584;05.588;0.161178
05.584;05.589;0.495682
05.584;05.590;0.298172
05.584;05.591;0.0
05.584;05.592;0.0
05.584;05.593;0.406364
05.584;05.594;0.18731
05.584;05.595;0.261851
05.584;05.596;0.298172
05.584;05.597;0.0828858
05.584;05.598;0.0
05.584;05.599;0.0
05.584;05.600;0.352171
05.584;05.601;0.278213
05.584;05.604;0.414597
05.584;05.607;0.397786
05.584;05.611;0.210476
05.584;05.613;0.598653
05.584;05.614;0.108472
05.584;05.615;0.0
05.584;05.616;0.210476
05.584;22.400;0.0
05.585;05.554;0.0828858
05.585;05.555;0.344736
05.585;05.556;0.417269
05.585;05.557;0.414597
05.585;05.558;0.470698
05.585;05.559;0.385758
05.585;05.560;0.302872
05.585;05.561;0.161178
05.585;05.562;0.316355
05.585;05.563;0.464472
05.585;05.564;0.458049
05.585;05.565;0.348487
05.585;05.566;0.519558
05.585;05.567;0.311959
05.585;05.568;0.495682
05.585;05.569;0.543814
05.585;05.570;0.439867
05.585;05.571;0.612392
05.585;05.572;0.605109
05.585;05.573;0.490182
05.585;05.574;0.195327
05.585;05.575;0.631876
05.585;05.576;0.0960789
05.585;05.577;0.0
05.585;05.578;0.108472
05.585;05.579;0.161178
05.585;05.580;0.120156
05.585;05.581;0.141694
05.585;05.582;0.632803
05.585;05.583;0.0687822
05.585;05.584;0.340915
05.585;05.585;0.0
05.585;05.586;0.307466
05.585;05.587;0.108472
05.585;05.588;0
05.585;05.589;0.596455
05.585;05.590;0.546654
05.585;05.591;0.0828858
05.585;05.592;0.0
05.585;05.593;0.382637
05.585;05.594;0.0372705
05.585;05.595;0.22458
05.585;05.596;0.362839
05.585;05.597;0.340915
05.585;05.598;0.203042
05.585;05.599;0.18731
05.585;05.600;0.18731
05.585;05.601;0.195327
05.585;05.604;0.288436
05.585;05.607;0.0372705
05.585;05.611;0.474746
05.585;05.613;0.439867
05.585;05.614;0.337021
05.585;05.615;0.0
05.585;05.616;0.141694
05.585;22.400;0.0
05.586;05.554;0.0
05.586;05.555;0
05.586;05.556;0.0960789
05.586;05.557;0.0687822
05.586;05.558;0.161178
05.586;05.559;0.120156
05.586;05.560;0.210476
05.586;05.561;0.0
05.586;05.562;0.0
05.586;05.563;0.131209
05.586;05.564;0.0687822
05.586;05.565;0.0
05.586;05.566;0.337021
05.586;05.567;0.18731
05.586;05.568;0.22458
05.586;05.569;0.382637
05.586;05.570;0.141694
05.586;05.571;0.403545
05.586;05.572;0.388832
05.586;05.573;0.288436
05.586;05.574;0.256092
05.586;05.575;0.288436
05.586;05.576;0.0
05.586;05.577;0.0
05.586;05.578;0.0
05.586;05.579;0.278213
05.586;05.580;0.0
05.586;05.581;0.329004
05.586;05.582;0.462353
05.586;05.583;0.337021
05.586;05.584;0.178965
05.586;05.585;0.307466
05.586;05.586;0.0
05.586;05.587;0.582746
05.586;05.588;0.0
05.586;05.589;0.478716
05.586;05.590;0.250166
05.586;05.591;0.161178
05.586;05.592;0.0
05.586;05.593;0.0
05.586;05.594;0.0
05.586;05.595;0.0
05.586;05.596;0.0
05.586;05.597;0.250166
05.586;05.598;0.0194835
05.586;05.599;0.0194835
05.586;05.600;0.0
05.586;05.601;0.278213
05.586;05.604;0.0
05.586;05.607;0.0
05.586;05.611;0.261851
05.586;05.613;0.0
05.586;05.614;0.22458
05.586;05.615;0.0
05.586;05.616;0.0194835
05.586;22.400;0.0
05.587;05.554;0.0
05.587;05.555;0.0
05.587;05.556;0.0
05.587;05.557;0.0
05.587;05.558;0.0828858
05.587;05.559;0.0960789
05.587;05.560;0.161178
05.587;05.561;0.0
05.587;05.562;0.0
05.587;05.563;0.0194835
05.587;05.564;0.0
05.587;05.565;0.0
05.587;05.566;0.0194835
05.587;05.567;0.0
05.587;05.568;0.108472
05.587;05.569;0.170265
05.587;05.570;0.0
05.587;05.571;0.307466
05.587;05.572;0.161178
05.587;05.573;0.0828858
05.587;05.574;0.256092
05.587;05.575;0.178965
05.587;05.576;0.0
05.587;05.577;0.0
05.587;05.578;0.0
05.587;05.579;0.170265
05.587;05.580;0.0
05.587;05.581;0.250166
05.587;05.582;0.272903
05.587;05.583;0.237773
05.587;05.584;0.0828858
05.587;05.585;0.108472
05.587;05.586;0.582746
05.587;05.587;0.0
05.587;05.588;0.0
05.587;05.589;0.376248
05.587;05.590;0.108472
05.587;05.591;0.0
05.587;05.592;0.0
05.587;05.593;0.0
05.587;05.594;0.0
05.587;05.595;0.0
05.587;05.596;0.0
05.587;05.597;0.178965
05.587;05.598;0.0828858
05.587;05.599;0.0687822
05.587;05.600;0.0
05.587;05.601;0.22458
05.587;05.604;0.0
05.587;05.607;0.0
05.587;05.611;0.141694
05.587;05.613;0.0
05.587;05.614;0.0372705
05.587;05.615;0.0
05.587;05.616;0.178965
05.587;22.400;0.0
05.588;05.554;0.0
05.588;05.555;0.0
05.588;05.556;0.0
05.588;05.557;0.0
05.588;05.558;0.0
05.588;05.559;0.0
05.588;05.560;0.0687822
05.588;05.561;0.0
05.588;05.562;0.0
05.588;05.563;0.0
05.588;05.564;0.0
05.588;05.565;0.0
05.588;05.566;0.0
05.588;05.567;0.0
05.588;05.568;0.0
05.588;05.569;0.0
05.588;05.570;0.0
05.588;05.571;0.0828858
05.588;05.572;0.0
05.588;05.573;0.0
05.588;05.574;0.0
05.588;05.575;0.0
05.588;05.576;0.0
05.588;05.577;0.0
05.588;05.578;0.0
05.588;05.579;0.0
05.588;05.580;0.0372705
05.588;05.581;0.0
05.588;05.582;0.0960789
05.588;05.583;0.0
05.588;05.584;0.161178
05.588;05.585;0
05.588;05.586;0.0
05.588;05.587;0.0
05.588;05.588;0.0
05.588;05.589;0.108472
05.588;05.590;0
05.588;05.591;0.0
05.588;05.592;0.0
05.588;05.593;0.366274
05.588;05.594;0.0
05.588;05.595;0.0372705
05.588;05.596;0.0
05.588;05.597;0.0
05.588;05.598;0.0
05.588;05.599;0.0
05.588;05.600;0.0
05.588;05.601;0
05.588;05.604;0.250166
05.588;05.607;0.161178
05.588;05.611;0.0194835
05.588;05.613;0.337021
05.588;05.614;0.0
05.588;05.615;0.0
05.588;05.616;0.311959
05.588;22.400;0.0
05.589;05.554;0.0
05.589;05.555;0.178965
05.589;05.556;0.324874
05.589;05.557;0.329004
05.589;05.558;0.451419
05.589;05.559;0.352171
05.589;05.560;0.394845
05.589;05.561;0.131209
05.589;05.562;0.21765
05.589;05.563;0.446876
05.589;05.564;0.298172
05.589;05.565;0.170265
05.589;05.566;0.468644
05.589;05.567;0.337021
05.589;05.568;0.451419
05.589;05.569;0.590854
05.589;05.570;0.369653
05.589;05.571;0.609303
05.589;05.572;0.611368
05.589;05.573;0.435056
05.589;05.574;0.344736
05.589;05.575;0.58857
05.589;05.576;0.278213
05.589;05.577;0.0960789
05.589;05.578;0.178965
05.589;05.579;0.333052
05.589;05.580;0.316355
05.589;05.581;0.320659
05.589;05.582;0.718445
05.589;05.583;0.324874
05.589;05.584;0.495682
05.589;05.585;0.596455
05.589;05.586;0.478716
05.589;05.587;0.376248
05.589;05.588;0.108472
05.589;05.589;0.0
05.589;05.590;0.535052
05.589;05.591;0.210476
05.589;05.592;0
05.589;05.593;0.462353
05.589;05.594;0.18731
05.589;05.595;0.307466
05.589;05.596;0.460213
05.589;05.597;0.419907
05.589;05.598;0.311959
05.589;05.599;0.267451
05.589;05.600;0.355789
05.589;05.601;0.316355
05.589;05.604;0.468644
05.589;05.607;0.369653
05.589;05.611;0.509665
05.589;05.613;0.548059
05.589;05.614;0.311959
05.589;05.615;0.0
05.589;05.616;0.307466
05.589;22.400;0.0
05.590;05.554;0.311959
05.590;05.555;0.599744
05.590;05.556;0.524331
05.590;05.557;0.53948
05.590;05.558;0.629069
05.590;05.559;0.476741
05.590;05.560;0.446876
05.590;05.561;0.400686
05.590;05.562;0.558964
05.590;05.563;0.618435
05.590;05.564;0.680443
05.590;05.565;0.439867
05.590;05.566;0.581561
05.590;05.567;0.528995
05.590;05.568;0.589715
05.590;05.569;0.698657
05.590;05.570;0.623337
05.590;05.571;0.682629
05.590;05.572;0.528995
05.590;05.573;0.642733
05.590;05.574;0.131209
05.590;05.575;0.558964
05.590;05.576;0.0828858
05.590;05.577;0.0
05.590;05.578;0.0
05.590;05.579;0.0372705
05.590;05.580;0.0372705
05.590;05.581;0.131209
05.590;05.582;0.627176
05.590;05.583;0.108472
05.590;05.584;0.298172
05.590;05.585;0.546654
05.590;05.586;0.250166
05.590;05.587;0.108472
05.590;05.588;0
05.590;05.589;0.535052
05.590;05.590;0.0
05.590;05.591;0.0
05.590;05.592;0.0
05.590;05.593;0.333052
05.590;05.594;0.0
05.590;05.595;0.203042
05.590;05.596;0.359344
05.590;05.597;0.178965
05.590;05.598;0.0372705
05.590;05.599;0.0960789
05.590;05.600;0.178965
05.590;05.601;0.161178
05.590;05.604;0.293362
05.590;05.607;0.141694
05.590;05.611;0.549454
05.590;05.613;0.316355
05.590;05.614;0.44916
05.590;05.615;0.0
05.590;05.616;0.18731
05.590;22.400;0.0
05.591;05.554;0.0
05.591;05.555;0.0
05.591;05.556;0.0
05.591;05.557;0.0
05.591;05.558;0.0
05.591;05.559;0.0
05.591;05.560;0.0
05.591;05.561;0.0
05.591;05.562;0.0
05.591;05.563;0.0
05.591;05.564;0.0
05.591;05.565;0.0
05.591;05.566;0.0536329
05.591;05.567;0.0
05.591;05.568;0.0
05.591;05.569;0
05.591;05.570;0.0
05.591;05.571;0.0828858
05.591;05.572;0.0
05.591;05.573;0.0
05.591;05.574;0.417269
05.591;05.575;0.0
05.591;05.576;0.250166
05.591;05.577;0.0
05.591;05.578;0.0
05.591;05.579;0
05.591;05.580;0.0
05.591;05.581;0.0536329
05.591;05.582;0.178965
05.591;05.583;0.0960789
05.591;05.584;0.0
05.591;05.585;0.0828858
05.591;05.586;0.161178
05.591;05.587;0.0
05.591;05.588;0.0
05.591;05.589;0.210476
05.591;05.590;0.0
05.591;05.591;0.0
05.591;05.592;0.21765
05.591;05.593;0.0
05.591;05.594;0.0
05.591;05.595;0.0
05.591;05.596;0.0
05.591;05.597;0.256092
05.591;05.598;0.0
05.591;05.599;0.0
05.591;05.600;0.0
05.591;05.601;0.108472
05.591;05.604;0.0
05.591;05.607;0.0
05.591;05.611;0
05.591;05.613;0.0
05.591;05.614;0.0
05.591;05.615;0.0
05.591;05.616;0.0
05.591;22.400;0.0
05.592;05.554;0.0
05.592;05.555;0.0
05.592;05.556;0.0
05.592;05.557;0.0
05.592;05.558;0.0
05.592;05.559;0.0
05.592;05.560;0.0
05.592;05.561;0.0
05.592;05.562;0.0
05.592;05.563;0.0
05.592;05.564;0.0
05.592;05.565;0.0
05.592;05.566;0.0
05.592;05.567;0.0
05.592;05.568;0.0
05.592;05.569;0.0
05.592;05.570;0.0
05.592;05.571;0.0
05.592;05.572;0.0
05.592;05.573;0.0
05.592;05.574;0.203042
05.592;05.575;0.0
05.592;05.576;0.120156
05.592;05.577;0.0
05.592;05.578;0.0
05.592;05.579;0.0
05.592;05.580;0.0
05.592;05.581;0.0372705
05.592;05.582;0.0687822
05.592;05.583;0.0194835
05.592;05.584;0.0
05.592;05.585;0.0
05.592;05.586;0.0
05.592;05.587;0.0
05.592;05.588;0.0
05.592;05.589;0
05.592;05.590;0.0
05.592;05.591;0.21765
05.592;05.592;0.0
05.592;05.593;0.0
05.592;05.594;0.0
05.592;05.595;0.0
05.592;05.596;0.0
05.592;05.597;0.0
05.592;05.598;0.0
05.592;05.599;0.0
05.592;05.600;0.0
05.592;05.601;0.0
05.592;05.604;0.0
05.592;05.607;0.0
05.592;05.611;0.0
05.592;05.613;0.0
05.592;05.614;0.0
05.592;05.615;0.0
05.592;05.616;0.0372705
05.592;22.400;0.0
05.593;05.554;0.0
05.593;05.555;0.0687822
05.593;05.556;0.170265
05.593;05.557;0.141694
05.593;05.558;0.231283
05.593;05.559;0.18731
05.593;05.560;0.237773
05.593;05.561;0.0
05.593;05.562;0.170265
05.593;05.563;0.21765
05.593;05.564;0.244064
05.593;05.565;0.0
05.593;05.566;0.352171
05.593;05.567;0.22458
05.593;05.568;0.210476
05.593;05.569;0.406364
05.593;05.570;0.178965
05.593;05.571;0.437476
05.593;05.572;0.329004
05.593;05.573;0.344736
05.593;05.574;0.0
05.593;05.575;0.278213
05.593;05.576;0.0
05.593;05.577;0.0194835
05.593;05.578;0.0
05.593;05.579;0.0
05.593;05.580;0.195327
05.593;05.581;0.0
05.593;05.582;0.437476
05.593;05.583;0.0
05.593;05.584;0.406364
05.593;05.585;0.382637
05.593;05.586;0.0
05.593;05.587;0.0
05.593;05.588;0.366274
05.593;05.589;0.462353
05.593;05.590;0.333052
05.593;05.591;0.0
05.593;05.592;0.0
05.593;05.593;0.0
05.593;05.594;0.108472
05.593;05.595;0.307466
05.593;05.596;0.333052
05.593;05.597;0.0
05.593;05.598;0.0
05.593;05.599;0.0
05.593;05.600;0.366274
05.593;05.601;0.161178
05.593;05.604;0.462353
05.593;05.607;0.403545
05.593;05.611;0.278213
05.593;05.613;0.676746
05.593;05.614;0.18731
05.593;05.615;0.0
05.593;05.616;0.244064
05.593;22.400;0.0
05.594;05.554;0.0
05.594;05.555;0.0
05.594;05.556;0.0
05.594;05.557;0.0
05.594;05.558;0.0
05.594;05.559;0.0
05.594;05.560;0.0
05.594;05.561;0.0
05.594;05.562;0.0
05.594;05.563;0.0
05.594;05.564;0.0
05.594;05.565;0.0
05.594;05.566;0.0
05.594;05.567;0.0
05.594;05.568;0.0
05.594;05.569;0.0
05.594;05.570;0.0
05.594;05.571;0.0
05.594;05.572;0.0
05.594;05.573;0.0
05.594;05.574;0.0
05.594;05.575;0.0194835
05.594;05.576;0.0
05.594;05.577;0.400686
05.594;05.578;0.41189
05.594;05.579;0.0
05.594;05.580;0.18731
05.594;05.581;0.0
05.594;05.582;0.0
05.594;05.583;0.0
05.594;05.584;0.18731
05.594;05.585;0.0372705
05.594;05.586;0.0
05.594;05.587;0.0
05.594;05.588;0.0
05.594;05.589;0.18731
05.594;05.590;0.0
05.594;05.591;0.0
05.594;05.592;0.0
05.594;05.593;0.108472
05.594;05.594;0.0
05.594;05.595;0.0
05.594;05.596;0.0
05.594;05.597;0.0
05.594;05.598;0.0
05.594;05.599;0.0
05.594;05.600;0.0
05.594;05.601;0.0
05.594;05.604;0.161178
05.594;05.607;0.141694
05.594;05.611;0.0
05.594;05.613;0.244064
05.594;05.614;0.0
05.594;05.615;0.0
05.594;05.616;0
05.594;22.400;0.0
05.595;05.554;0.0
05.595;05.555;0.0
05.595;05.556;0.0
05.595;05.557;0
05.595;05.558;0.170265
05.595;05.559;0.0960789
05.595;05.560;0.131209
05.595;05.561;0.0
05.595;05.562;0.0
05.595;05.563;0.0687822
05.595;05.564;0.0828858
05.595;05.565;0.0
05.595;05.566;0.0828858
05.595;05.567;0.131209
05.595;05.568;0.108472
05.595;05.569;0.244064
05.595;05.570;0.131209
05.595;05.571;0.21765
05.595;05.572;0.18731
05.595;05.573;0.120156
05.595;05.574;0.0
05.595;05.575;0.0960789
05.595;05.576;0.0
05.595;05.577;0.0
05.595;05.578;0.0
05.595;05.579;0.0
05.595;05.580;0.0372705
05.595;05.581;0.0
05.595;05.582;0.267451
05.595;05.583;0.0
05.595;05.584;0.261851
05.595;05.585;0.22458
05.595;05.586;0.0
05.595;05.587;0.0
05.595;05.588;0.0372705
05.595;05.589;0.307466
05.595;05.590;0.203042
05.595;05.591;0.0
05.595;05.592;0.0
05.595;05.593;0.307466
05.595;05.594;0.0
05.595;05.595;0.0
05.595;05.596;0.623337
05.595;05.597;0.0
05.595;05.598;0.0
05.595;05.599;0.0
05.595;05.600;0.552216
05.595;05.601;0.0
05.595;05.604;0.444566
05.595;05.607;0.278213
05.595;05.611;0.237773
05.595;05.613;0.18731
05.595;05.614;0.141694
05.595;05.615;0.0
05.595;05.616;0.120156
05.595;22.400;0.0
05.596;05.554;0.0
05.596;05.555;0.151668
05.596;05.556;0.0372705
05.596;05.557;0.170265
05.596;05.558;0.316355
05.596;05.559;0.120156
05.596;05.560;0.21765
05.596;05.561;0
05.596;05.562;0.120156
05.596;05.563;0.195327
05.596;05.564;0.316355
05.596;05.565;0.151668
05.596;05.566;0.272903
05.596;05.567;0.22458
05.596;05.568;0.288436
05.596;05.569;0.41189
05.596;05.570;0.237773
05.596;05.571;0.333052
05.596;05.572;0.267451
05.596;05.573;0.324874
05.596;05.574;0.0
05.596;05.575;0.18731
05.596;05.576;0.0
05.596;05.577;0.0
05.596;05.578;0.0
05.596;05.579;0.0
05.596;05.580;0.0960789
05.596;05.581;0.0
05.596;05.582;0.427622
05.596;05.583;0.0
05.596;05.584;0.298172
05.596;05.585;0.362839
05.596;05.586;0.0
05.596;05.587;0.0
05.596;05.588;0.0
05.596;05.589;0.460213
05.596;05.590;0.359344
05.596;05.591;0.0
05.596;05.592;0.0
05.596;05.593;0.333052
05.596;05.594;0.0
05.596;05.595;0.623337
05.596;05.596;0.0
05.596;05.597;0.0
05.596;05.598;0.0
05.596;05.599;0.0
05.596;05.600;0.553584
05.596;05.601;0.161178
05.596;05.604;0.600828
05.596;05.607;0.513016
05.596;05.611;0.298172
05.596;05.613;0.283388
05.596;05.614;0.18731
05.596;05.615;0.0
05.596;05.616;0.0828858
05.596;22.400;0.0
05.597;05.554;0.0
05.597;05.555;0.0
05.597;05.556;0
05.597;05.557;0.0372705
05.597;05.558;0.278213
05.597;05.559;0.0960789
05.597;05.560;0.21765
05.597;05.561;0.0
05.597;05.562;0.0
05.597;05.563;0.120156
05.597;05.564;0.141694
05.597;05.565;0.0
05.597;05.566;0.203042
05.597;05.567;0.108472
05.597;05.568;0.178965
05.597;05.569;0.337021
05.597;05.570;0.178965
05.597;05.571;0.261851
05.597;05.572;0.344736
05.597;05.573;0.250166
05.597;05.574;0.406364
05.597;05.575;0.170265
05.597;05.576;0.476741
05.597;05.577;0.0
05.597;05.578;0.0
05.597;05.579;0.0687822
05.597;05.580;0.0
05.597;05.581;0.231283
05.597;05.582;0.464472
05.597;05.583;0.203042
05.597;05.584;0.0828858
05.597;05.585;0.340915
05.597;05.586;0.250166
05.597;05.587;0.178965
05.597;05.588;0.0
05.597;05.589;0.419907
05.597;05.590;0.178965
05.597;05.591;0.256092
05.597;05.592;0.0
05.597;05.593;0.0
05.597;05.594;0.0
05.597;05.595;0.0
05.597;05.596;0.0
05.597;05.597;0.0
05.597;05.598;0.614426
05.597;05.599;0.61744
05.597;05.600;0.0
05.597;05.601;0.151668
05.597;05.604;0.0
05.597;05.607;0.0
05.597;05.611;0.237773
05.597;05.613;0.0
05.597;05.614;0.178965
05.597;05.615;0.0
05.597;05.616;0.344736
05.597;22.400;0.0
05.598;05.554;0.0
05.598;05.555;0.0
05.598;05.556;0.0
05.598;05.557;0.0
05.598;05.558;0.21765
05.598;05.559;0
05.598;05.560;0.141694
05.598;05.561;0.0
05.598;05.562;0.0
05.598;05.563;0.0372705
05.598;05.564;0.0372705
05.598;05.565;0.0
05.598;05.566;0.0960789
05.598;05.567;0.0536329
05.598;05.568;0.0828858
05.598;05.569;0.131209
05.598;05.570;0.0372705
05.598;05.571;0
05.598;05.572;0.203042
05.598;05.573;0.108472
05.598;05.574;0.18731
05.598;05.575;0.0536329
05.598;05.576;0.0687822
05.598;05.577;0.0
05.598;05.578;0.0
05.598;05.579;0.0
05.598;05.580;0.0
05.598;05.581;0.0687822
05.598;05.582;0.307466
05.598;05.583;0
05.598;05.584;0.0
05.598;05.585;0.203042
05.598;05.586;0.0194835
05.598;05.587;0.0828858
05.598;05.588;0.0
05.598;05.589;0.311959
05.598;05.590;0.0372705
05.598;05.591;0.0
05.598;05.592;0.0
05.598;05.593;0.0
05.598;05.594;0.0
05.598;05.595;0.0
05.598;05.596;0.0
05.598;05.597;0.614426
05.598;05.598;0.0
05.598;05.599;0.58626
05.598;05.600;0.0
05.598;05.601;0.0
05.598;05.604;0.0
05.598;05.607;0.0
05.598;05.611;0.0536329
05.598;05.613;0.0
05.598;05.614;0.0536329
05.598;05.615;0.0
05.598;05.616;0.244064
05.598;22.400;0.0
05.599;05.554;0.0
05.599;05.555;0.0
05.599;05.556;0.0
05.599;05.557;0.0
05.599;05.558;0.131209
05.599;05.559;0.0536329
05.599;05.560;0.141694
05.599;05.561;0.0
05.599;05.562;0.0
05.599;05.563;0.0372705
05.599;05.564;0.0194835
05.599;05.565;0.0
05.599;05.566;0.0687822
05.599;05.567;0.0536329
05.599;05.568;0.108472
05.599;05.569;0.131209
05.599;05.570;0.0536329
05.599;05.571;0.151668
05.599;05.572;0.261851
05.599;05.573;0.0
05.599;05.574;0.18731
05.599;05.575;0.0828858
05.599;05.576;0.21765
05.599;05.577;0.0
05.599;05.578;0.0
05.599;05.579;0.0
05.599;05.580;0.0
05.599;05.581;0.195327
05.599;05.582;0.293362
05.599;05.583;0.0194835
05.599;05.584;0.0
05.599;05.585;0.18731
05.599;05.586;0.0194835
05.599;05.587;0.0687822
05.599;05.588;0.0
05.599;05.589;0.267451
05.599;05.590;0.0960789
05.599;05.591;0.0
05.599;05.592;0.0
05.599;05.593;0.0
05.599;05.594;0.0
05.599;05.595;0.0
05.599;05.596;0.0
05.599;05.597;0.61744
05.599;05.598;0.58626
05.599;05.599;0.0
05.599;05.600;0.0
05.599;05.601;0.0
05.599;05.604;0.0
05.599;05.607;0.0
05.599;05.611;0.131209
05.599;05.613;0.0
05.599;05.614;0.0960789
05.599;05.615;0.0
05.599;05.616;0.293362
05.599;22.400;0.0
05.600;05.554;0.0
05.600;05.555;0.0
05.600;05.556;0.0
05.600;05.557;0.0194835
05.600;05.558;0.203042
05.600;05.559;0.0960789
05.600;05.560;0.108472
05.600;05.561;0.0
05.600;05.562;0.0
05.600;05.563;0.0372705
05.600;05.564;0.170265
05.600;05.565;0.0
05.600;05.566;0.108472
05.600;05.567;0.0
05.600;05.568;0.120156
05.600;05.569;0.311959
05.600;05.570;0.0194835
05.600;05.571;0.288436
05.600;05.572;0.161178
05.600;05.573;0.21765
05.600;05.574;0.0
05.600;05.575;0.161178
05.600;05.576;0.0
05.600;05.577;0.0
05.600;05.578;0.0
05.600;05.579;0.0
05.600;05.580;0.0
05.600;05.581;0.0
05.600;05.582;0.316355
05.600;05.583;0.0
05.600;05.584;0.352171
05.600;05.585;0.18731
05.600;05.586;0.0
05.600;05.587;0.0
05.600;05.588;0.0
05.600;05.589;0.355789
05.600;05.590;0.178965
05.600;05.591;0.0
05.600;05.592;0.0
05.600;05.593;0.366274
05.600;05.594;0.0
05.600;05.595;0.552216
05.600;05.596;0.553584
05.600;05.597;0.0
05.600;05.598;0.0
05.600;05.599;0.0
05.600;05.600;0.0
05.600;05.601;0.0
05.600;05.604;0.476741
05.600;05.607;0.382637
05.600;05.611;0.231283
05.600;05.613;0.161178
05.600;05.614;0.170265
05.600;05.615;0.0
05.600;05.616;0.311959
05.600;22.400;0.0
05.601;05.554;0.0
05.601;05.555;0.0
05.601;05.556;0.0
05.601;05.557;0.0
05.601;05.558;0
05.601;05.559;0.0
05.601;05.560;0.0536329
05.601;05.561;0.0
05.601;05.562;0.0
05.601;05.563;0.0
05.601;05.564;0.0
05.601;05.565;0.0
05.601;05.566;0.0687822
05.601;05.567;0.0960789
05.601;05.568;0.0687822
05.601;05.569;0.0687822
05.601;05.570;0.0
05.601;05.571;0.250166
05.601;05.572;0.210476
05.601;05.573;0.0
05.601;05.574;0.231283
05.601;05.575;0.0
05.601;05.576;0.131209
05.601;05.577;0.0
05.601;05.578;0.0
05.601;05.579;0.0828858
05.601;05.580;0.0687822
05.601;05.581;0.18731
05.601;05.582;0.267451
05.601;05.583;0.250166
05.601;05.584;0.278213
05.601;05.585;0.195327
05.601;05.586;0.278213
05.601;05.587;0.22458
05.601;05.588;0
05.601;05.589;0.316355
05.601;05.590;0.161178
05.601;05.591;0.108472
05.601;05.592;0.0
05.601;05.593;0.161178
05.601;05.594;0.0
05.601;05.595;0.0
05.601;05.596;0.161178
05.601;05.597;0.151668
05.601;05.598;0.0
05.601;05.599;0.0
05.601;05.600;0.0
05.601;05.601;0.0
05.601;05.604;0.151668
05.601;05.607;0.131209
05.601;05.611;0.0960789
05.601;05.613;0.203042
05.601;05.614;0.120156
05.601;05.615;0.0
05.601;05.616;0.131209
05.601;22.400;0.0
05.604;05.554;0.0
05.604;05.555;0.0
05.604;05.556;0.0
05.604;05.557;0.0536329
05.604;05.558;0.231283
05.604;05.559;0.161178
05.604;05.560;0.151668
05.604;05.561;0.0
05.604;05.562;0.0
05.604;05.563;0.161178
05.604;05.564;0.161178
05.604;05.565;0.0194835
05.604;05.566;0.178965
05.604;05.567;0.0
05.604;05.568;0.195327
05.604;05.569;0.307466
05.604;05.570;0.141694
05.604;05.571;0.340915
05.604;05.572;0.231283
05.604;05.573;0.261851
05.604;05.574;0.0
05.604;05.575;0.0960789
05.604;05.576;0.0
05.604;05.577;0.108472
05.604;05.578;0.0194835
05.604;05.579;0.0
05.604;05.580;0.231283
05.604;05.581;0.0
05.604;05.582;0.43013
05.604;05.583;0.0
05.604;05.584;0.414597
05.604;05.585;0.288436
05.604;05.586;0.0
05.604;05.587;0.0
05.604;05.588;0.250166
05.604;05.589;0.468644
05.604;05.590;0.293362
05.604;05.591;0.0
05.604;05.592;0.0
05.604;05.593;0.462353
05.604;05.594;0.161178
05.604;05.595;0.444566
05.604;05.596;0.600828
05.604;05.597;0.0
05.604;05.598;0.0
05.604;05.599;0.0
05.604;05.600;0.476741
05.604;05.601;0.151668
05.604;05.604;0.0
05.604;05.607;0.608262
05.604;05.611;0.302872
05.604;05.613;0.419907
05.604;05.614;0.21765
05.604;05.615;0.0
05.604;05.616;0.261851
05.604;22.400;0.0
05.607;05.554;0.0
05.607;05.555;0.0
05.607;05.556;0.0
05.607;05.557;0
05.607;05.558;0.0828858
05.607;05.559;0.0828858
05.607;05.560;0.151668
05.607;05.561;0.0
05.607;05.562;0
05.607;05.563;0.0
05.607;05.564;0.108472
05.607;05.565;0.0
05.607;05.566;0.141694
05.607;05.567;0.0
05.607;05.568;0.210476
05.607;05.569;0.22458
05.607;05.570;0.0194835
05.607;05.571;0.250166
05.607;05.572;0.161178
05.607;05.573;0.195327
05.607;05.574;0.0
05.607;05.575;0.0194835
05.607;05.576;0.0
05.607;05.577;0.0687822
05.607;05.578;0
05.607;05.579;0.0
05.607;05.580;0.293362
05.607;05.581;0.0
05.607;05.582;0.340915
05.607;05.583;0.0
05.607;05.584;0.397786
05.607;05.585;0.0372705
05.607;05.586;0.0
05.607;05.587;0.0
05.607;05.588;0.161178
05.607;05.589;0.369653
05.607;05.590;0.141694
05.607;05.591;0.0
05.607;05.592;0.0
05.607;05.593;0.403545
05.607;05.594;0.141694
05.607;05.595;0.278213
05.607;05.596;0.513016
05.607;05.597;0.0
05.607;05.598;0.0
05.607;05.599;0.0
05.607;05.600;0.382637
05.607;05.601;0.131209
05.607;05.604;0.608262
05.607;05.607;0.0
05.607;05.611;0.237773
05.607;05.613;0.432608
05.607;05.614;0.0194835
05.607;05.615;0.0
05.607;05.616;0.250166
05.607;22.400;0.0
05.611;05.554;0.437476
05.611;05.555;0.514671
05.611;05.556;0.54238
05.611;05.557;0.482609
05.611;05.558;0.610338
05.611;05.559;0.400686
05.611;05.560;0.458049
05.611;05.561;0.409146
05.611;05.562;0.566777
05.611;05.563;0.525897
05.611;05.564;0.472732
05.611;05.565;0.44223
05.611;05.566;0.582746
05.611;05.567;0.444566
05.611;05.568;0.734245
05.611;05.569;0.696636
05.611;05.570;0.62139
05.611;05.571;0.604047
05.611;05.572;0.536539
05.611;05.573;0.60298
05.611;05.574;0.0687822
05.611;05.575;0.385758
05.611;05.576;0.0536329
05.611;05.577;0.0
05.611;05.578;0.0
05.611;05.579;0.108472
05.611;05.580;0.0
05.611;05.581;0.0372705
05.611;05.582;0.58857
05.611;05.583;0.108472
05.611;05.584;0.210476
05.611;05.585;0.474746
05.611;05.586;0.261851
05.611;05.587;0.141694
05.611;05.588;0.0194835
05.611;05.589;0.509665
05.611;05.590;0.549454
05.611;05.591;0
05.611;05.592;0.0
05.611;05.593;0.278213
05.611;05.594;0.0
05.611;05.595;0.237773
05.611;05.596;0.298172
05.611;05.597;0.237773
05.611;05.598;0.0536329
05.611;05.599;0.131209
05.611;05.600;0.231283
05.611;05.601;0.0960789
05.611;05.604;0.302872
05.611;05.607;0.237773
05.611;05.611;0.0
05.611;05.613;0.302872
05.611;05.614;0.237773
05.611;05.615;0.0
05.611;05.616;0.267451
05.611;22.400;0.0
05.613;05.554;0.0
05.613;05.555;0.0
05.613;05.556;0.161178
05.613;05.557;0.0194835
05.613;05.558;0.22458
05.613;05.559;0.178965
05.613;05.560;0.161178
05.613;05.561;0.0
05.613;05.562;0.0
05.613;05.563;0.120156
05.613;05.564;0.0
05.613;05.565;0.0
05.613;05.566;0.311959
05.613;05.567;0.203042
05.613;05.568;0.250166
05.613;05.569;0.267451
05.613;05.570;0.0687822
05.613;05.571;0.435056
05.613;05.572;0.414597
05.613;05.573;0.250166
05.613;05.574;0.0
05.613;05.575;0.359344
05.613;05.576;0.0
05.613;05.577;0.161178
05.613;05.578;0.131209
05.613;05.579;0.0
05.613;05.580;0.509665
05.613;05.581;0.0
05.613;05.582;0.482609
05.613;05.583;0.0
05.613;05.584;0.598653
05.613;05.585;0.439867
05.613;05.586;0.0
05.613;05.587;0.0
05.613;05.588;0.337021
05.613;05.589;0.548059
05.613;05.590;0.316355
05.613;05.591;0.0
05.613;05.592;0.0
05.613;05.593;0.676746
05.613;05.594;0.244064
05.613;05.595;0.18731
05.613;05.596;0.283388
05.613;05.597;0.0
05.613;05.598;0.0
05.613;05.599;0.0
05.613;05.600;0.161178
05.613;05.601;0.203042
05.613;05.604;0.419907
05.613;05.607;0.432608
05.613;05.611;0.302872
05.613;05.613;0.0
05.613;05.614;0.0828858
05.613;05.615;0.0
05.613;05.616;0.108472
05.613;22.400;0.0
05.614;05.554;0.761119
05.614;05.555;0.553584
05.614;05.556;0.901823
05.614;05.557;0.484529
05.614;05.558;0.203042
05.614;05.559;0.672982
05.614;05.560;0.355789
05.614;05.561;0.561601
05.614;05.562;0.815434
05.614;05.563;0.846621
05.614;05.564;0.324874
05.614;05.565;0.757633
05.614;05.566;0.329004
05.614;05.567;0.21765
05.614;05.568;0.425083
05.614;05.569;0.376248
05.614;05.570;1
05.614;05.571;0.439867
05.614;05.572;0.311959
05.614;05.573;0.446876
05.614;05.574;0.0960789
05.614;05.575;0.267451
05.614;05.576;0.0828858
05.614;05.577;0.0
05.614;05.578;0
05.614;05.579;0.0
05.614;05.580;0
05.614;05.581;0.0960789
05.614;05.582;0.316355
05.614;05.583;0.0687822
05.614;05.584;0.108472
05.614;05.585;0.337021
05.614;05.586;0.22458
05.614;05.587;0.0372705
05.614;05.588;0.0
05.614;05.589;0.311959
05.614;05.590;0.44916
05.614;05.591;0.0
05.614;05.592;0.0
05.614;05.593;0.18731
05.614;05.594;0.0
05.614;05.595;0.141694
05.614;05.596;0.18731
05.614;05.597;0.178965
05.614;05.598;0.0536329
05.614;05.599;0.0960789
05.614;05.600;0.170265
05.614;05.601;0.120156
05.614;05.604;0.21765
05.614;05.607;0.0194835
05.614;05.611;0.237773
05.614;05.613;0.0828858
05.614;05.614;0.0
05.614;05.615;0.0
05.614;05.616;0.278213
05.614;22.400;0.203042
05.615;05.554;0.0
05.615;05.555;0.0
05.615;05.556;0.0
05.615;05.557;0.0
05.615;05.558;0.0
05.615;05.559;0.0
05.615;05.560;0.0
05.615;05.561;0.0
05.615;05.562;0.0
05.615;05.563;0.0
05.615;05.564;0.0
05.615;05.565;0.0
05.615;05.566;0.0
05.615;05.567;0.0
05.615;05.568;0.0
05.615;05.569;0.0
05.615;05.570;0.0
05.615;05.571;0.0
05.615;05.572;0.0
05.615;05.573;0.0
05.615;05.574;0.0
05.615;05.575;0.0
05.615;05.576;0.0
05.615;05.577;0.0
05.615;05.578;0.0
05.615;05.579;0.0
05.615;05.580;0.0
05.615;05.581;0.0
05.615;05.582;0.0
05.615;05.583;0.0
05.615;05.584;0.0
05.615;05.585;0.0
05.615;05.586;0.0
05.615;05.587;0.0
05.615;05.588;0.0
05.615;05.589;0.0
05.615;05.590;0.0
05.615;05.591;0.0
05.615;05.592;0.0
05.615;05.593;0.0
05.615;05.594;0.0
05.615;05.595;0.0
05.615;05.596;0.0
05.615;05.597;0.0
05.615;05.598;0.0
05.615;05.599;0.0
05.615;05.600;0.0
05.615;05.601;0.0
05.615;05.604;0.0
05.615;05.607;0.0
05.615;05.611;0.0
05.615;05.613;0.0
05.615;05.614;0.0
05.615;05.615;0.0
05.615;05.616;0.0
05.615;22.400;0.0
05.616;05.554;0.0
05.616;05.555;0.0
05.616;05.556;0.0
05.616;05.557;0.0
05.616;05.558;0.108472
05.616;05.559;0.108472
05.616;05.560;0.355789
05.616;05.561;0.0
05.616;05.562;0.0
05.616;05.563;0.0536329
05.616;05.564;0.0
05.616;05.565;0.0
05.616;05.566;0.0960789
05.616;05.567;0.0
05.616;05.568;0.0
05.616;05.569;0.0
05.616;05.570;0.0
05.616;05.571;0.0
05.616;05.572;0.0
05.616;05.573;0.0536329
05.616;05.574;0.261851
05.616;05.575;0.0
05.616;05.576;0.278213
05.616;05.577;0.0
05.616;05.578;0.0
05.616;05.579;0
05.616;05.580;0.18731
05.616;05.581;0.22458
05.616;05.582;0.210476
05.616;05.583;0.21765
05.616;05.584;0.210476
05.616;05.585;0.141694
05.616;05.586;0.0194835
05.616;05.587;0.178965
05.616;05.588;0.311959
05.616;05.589;0.307466
05.616;05.590;0.18731
05.616;05.591;0.0
05.616;05.592;0.0372705
05.616;05.593;0.244064
05.616;05.594;0
05.616;05.595;0.120156
05.616;05.596;0.0828858
05.616;05.597;0.344736
05.616;05.598;0.244064
05.616;05.599;0.293362
05.616;05.600;0.311959
05.616;05.601;0.131209
05.616;05.604;0.261851
05.616;05.607;0.250166
05.616;05.611;0.267451
05.616;05.613;0.108472
05.616;05.614;0.278213
05.616;05.615;0.0
05.616;05.616;0.0
05.616;22.400;0.0
22.400;05.554;0.0
22.400;05.555;0.0
22.400;05.556;0.0
22.400;05.557;0.0
22.400;05.558;0.0
22.400;05.559;0.0
22.400;05.560;0.0
22.400;05.561;0.0
22.400;05.562;0
22.400;05.563;0.178965
22.400;05.564;0.0
22.400;05.565;0.0536329
22.400;05.566;0.0
22.400;05.567;0.0
22.400;05.568;0.0
22.400;05.569;0.0
22.400;05.570;0.120156
22.400;05.571;0.0
22.400;05.572;0.0
22.400;05.573;0.0
22.400;05.574;0.0
22.400;05.575;0.0
22.400;05.576;0.0
22.400;05.577;0.0
22.400;05.578;0.0
22.400;05.579;0.0
22.400;05.580;0.0
22.400;05.581;0.0
22.400;05.582;0.0
22.400;05.583;0.0
22.400;05.584;0.0
22.400;05.585;0.0
22.400;05.586;0.0
22.400;05.587;0.0
22.400;05.588;0.0
22.400;05.589;0.0
22.400;05.590;0.0
22.400;05.591;0.0
22.400;05.592;0.0
22.400;05.593;0.0
22.400;05.594;0.0
22.400;05.595;0.0
22.400;05.596;0.0
22.400;05.597;0.0
22.400;05.598;0.0
22.400;05.599;0.0
22.400;05.600;0.0
22.400;05.601;0.0
22.400;05.604;0.0
22.400;05.607;0.0
22.400;05.611;0.0
22.400;05.613;0.0
22.400;05.614;0.203042
22.400;05.615;0.0
22.400;05.616;0.0
22.400;22.400;0.0
