ass1;ass2;sol
05.554;05.554;0
05.554;05.555;0.134146341463415
05.554;05.556;0.114329268292683
05.554;05.557;0.176829268292683
05.554;05.558;0.172256097560976
05.554;05.559;0
05.554;05.560;0
05.554;05.561;0.149390243902439
05.554;05.562;0.123475609756098
05.554;05.563;0
05.554;05.564;0.141768292682927
05.554;05.565;0.144817073170732
05.554;05.566;0.140243902439024
05.554;05.567;0.13109756097561
05.554;05.568;0.0762195121951219
05.554;05.569;0.109756097560976
05.554;05.570;0.413109756097561
05.554;05.571;0.129573170731707
05.554;05.572;0.190548780487805
05.554;05.573;0.176829268292683
05.554;05.574;0.149390243902439
05.554;05.575;0.344512195121951
05.554;05.576;0.149390243902439
05.554;05.577;0
05.554;05.578;0
05.554;05.579;0.0685975609756098
05.554;05.580;0
05.554;05.581;0.140243902439024
05.554;05.582;0.11280487804878
05.554;05.583;0.222560975609756
05.554;05.584;0.128048780487805
05.554;05.585;0.0823170731707317
05.554;05.586;0.147865853658537
05.554;05.587;0.138719512195122
05.554;05.588;0
05.554;05.589;0.268292682926829
05.554;05.590;0.149390243902439
05.554;05.591;0.166158536585366
05.554;05.592;0.230182926829268
05.554;05.593;0
05.554;05.594;0
05.554;05.595;0
05.554;05.596;0
05.554;05.597;0.140243902439024
05.554;05.598;0.19969512195122
05.554;05.599;0.173780487804878
05.554;05.600;0
05.554;05.601;0.262195121951219
05.554;05.604;0
05.554;05.607;0
05.554;05.611;0.147865853658537
05.554;05.613;0.149390243902439
05.554;05.614;0.344512195121951
05.554;05.615;0
05.554;05.616;0
05.554;22.400;0.149390243902439
05.555;05.554;0.134146341463415
05.555;05.555;0
05.555;05.556;0.109756097560976
05.555;05.557;0.170731707317073
05.555;05.558;0.161585365853659
05.555;05.559;0
05.555;05.560;0
05.555;05.561;0.138719512195122
05.555;05.562;0.125
05.555;05.563;0
05.555;05.564;0.132621951219512
05.555;05.565;0.141768292682927
05.555;05.566;0.128048780487805
05.555;05.567;0.125
05.555;05.568;0.0701219512195122
05.555;05.569;0.103658536585366
05.555;05.570;0.423780487804878
05.555;05.571;0.114329268292683
05.555;05.572;0.184451219512195
05.555;05.573;0.169207317073171
05.555;05.574;0.138719512195122
05.555;05.575;0.309451219512195
05.555;05.576;0.138719512195122
05.555;05.577;0
05.555;05.578;0
05.555;05.579;0.0670731707317073
05.555;05.580;0
05.555;05.581;0.125
05.555;05.582;0.108231707317073
05.555;05.583;0.198170731707317
05.555;05.584;0.114329268292683
05.555;05.585;0.0762195121951219
05.555;05.586;0.135670731707317
05.555;05.587;0.125
05.555;05.588;0
05.555;05.589;0.25
05.555;05.590;0.138719512195122
05.555;05.591;0.166158536585366
05.555;05.592;0.216463414634146
05.555;05.593;0
05.555;05.594;0
05.555;05.595;0
05.555;05.596;0
05.555;05.597;0.129573170731707
05.555;05.598;0.184451219512195
05.555;05.599;0.158536585365854
05.555;05.600;0
05.555;05.601;0.233231707317073
05.555;05.604;0
05.555;05.607;0
05.555;05.611;0.135670731707317
05.555;05.613;0.138719512195122
05.555;05.614;0.314024390243902
05.555;05.615;0
05.555;05.616;0
05.555;22.400;0.138719512195122
05.556;05.554;0.114329268292683
05.556;05.555;0.109756097560976
05.556;05.556;0
05.556;05.557;0.138719512195122
05.556;05.558;0.13719512195122
05.556;05.559;0
05.556;05.560;0
05.556;05.561;0.114329268292683
05.556;05.562;0.0990853658536585
05.556;05.563;0
05.556;05.564;0.108231707317073
05.556;05.565;0.129573170731707
05.556;05.566;0.114329268292683
05.556;05.567;0.115853658536585
05.556;05.568;0.0716463414634146
05.556;05.569;0.0990853658536585
05.556;05.570;0.326219512195122
05.556;05.571;0.102134146341463
05.556;05.572;0.150914634146341
05.556;05.573;0.169207317073171
05.556;05.574;0.114329268292683
05.556;05.575;0.266768292682927
05.556;05.576;0.114329268292683
05.556;05.577;0
05.556;05.578;0
05.556;05.579;0.0701219512195122
05.556;05.580;0
05.556;05.581;0.111280487804878
05.556;05.582;0.0990853658536585
05.556;05.583;0.179878048780488
05.556;05.584;0.102134146341463
05.556;05.585;0.0609756097560976
05.556;05.586;0.114329268292683
05.556;05.587;0.105182926829268
05.556;05.588;0
05.556;05.589;0.217987804878049
05.556;05.590;0.114329268292683
05.556;05.591;0.146341463414634
05.556;05.592;0.190548780487805
05.556;05.593;0
05.556;05.594;0
05.556;05.595;0
05.556;05.596;0
05.556;05.597;0.108231707317073
05.556;05.598;0.153963414634146
05.556;05.599;0.141768292682927
05.556;05.600;0
05.556;05.601;0.190548780487805
05.556;05.604;0
05.556;05.607;0
05.556;05.611;0.114329268292683
05.556;05.613;0.114329268292683
05.556;05.614;0.262195121951219
05.556;05.615;0
05.556;05.616;0
05.556;22.400;0.114329268292683
05.557;05.554;0.176829268292683
05.557;05.555;0.170731707317073
05.557;05.556;0.138719512195122
05.557;05.557;0
05.557;05.558;0.221036585365854
05.557;05.559;0
05.557;05.560;0
05.557;05.561;0.185975609756098
05.557;05.562;0.161585365853659
05.557;05.563;0
05.557;05.564;0.182926829268293
05.557;05.565;0.173780487804878
05.557;05.566;0.170731707317073
05.557;05.567;0.160060975609756
05.557;05.568;0.0945121951219512
05.557;05.569;0.129573170731707
05.557;05.570;0.478658536585366
05.557;05.571;0.150914634146341
05.557;05.572;0.240853658536585
05.557;05.573;0.210365853658537
05.557;05.574;0.189024390243902
05.557;05.575;0.416158536585366
05.557;05.576;0.18140243902439
05.557;05.577;0
05.557;05.578;0
05.557;05.579;0.0792682926829268
05.557;05.580;0
05.557;05.581;0.167682926829268
05.557;05.582;0.140243902439024
05.557;05.583;0.282012195121951
05.557;05.584;0.161585365853659
05.557;05.585;0.102134146341463
05.557;05.586;0.178353658536585
05.557;05.587;0.166158536585366
05.557;05.588;0
05.557;05.589;0.326219512195122
05.557;05.590;0.18140243902439
05.557;05.591;0.208841463414634
05.557;05.592;0.292682926829268
05.557;05.593;0
05.557;05.594;0
05.557;05.595;0
05.557;05.596;0
05.557;05.597;0.178353658536585
05.557;05.598;0.240853658536585
05.557;05.599;0.213414634146341
05.557;05.600;0
05.557;05.601;0.304878048780488
05.557;05.604;0
05.557;05.607;0
05.557;05.611;0.178353658536585
05.557;05.613;0.1875
05.557;05.614;0.417682926829268
05.557;05.615;0
05.557;05.616;0
05.557;22.400;0.1875
05.558;05.554;0.172256097560976
05.558;05.555;0.161585365853659
05.558;05.556;0.13719512195122
05.558;05.557;0.221036585365854
05.558;05.558;0
05.558;05.559;0
05.558;05.560;0
05.558;05.561;0.18140243902439
05.558;05.562;0.155487804878049
05.558;05.563;0
05.558;05.564;0.17530487804878
05.558;05.565;0.170731707317073
05.558;05.566;0.160060975609756
05.558;05.567;0.155487804878049
05.558;05.568;0.0960365853658536
05.558;05.569;0.129573170731707
05.558;05.570;0.490853658536585
05.558;05.571;0.147865853658537
05.558;05.572;0.233231707317073
05.558;05.573;0.19359756097561
05.558;05.574;0.184451219512195
05.558;05.575;0.397865853658537
05.558;05.576;0.176829268292683
05.558;05.577;0
05.558;05.578;0
05.558;05.579;0.0853658536585366
05.558;05.580;0
05.558;05.581;0.160060975609756
05.558;05.582;0.13109756097561
05.558;05.583;0.259146341463415
05.558;05.584;0.153963414634146
05.558;05.585;0.0853658536585366
05.558;05.586;0.172256097560976
05.558;05.587;0.161585365853659
05.558;05.588;0
05.558;05.589;0.310975609756098
05.558;05.590;0.176829268292683
05.558;05.591;0.19359756097561
05.558;05.592;0.274390243902439
05.558;05.593;0
05.558;05.594;0
05.558;05.595;0
05.558;05.596;0
05.558;05.597;0.172256097560976
05.558;05.598;0.239329268292683
05.558;05.599;0.196646341463415
05.558;05.600;0
05.558;05.601;0.307926829268293
05.558;05.604;0
05.558;05.607;0
05.558;05.611;0.172256097560976
05.558;05.613;0.182926829268293
05.558;05.614;0.408536585365854
05.558;05.615;0
05.558;05.616;0
05.558;22.400;0.182926829268293
05.559;05.554;0
05.559;05.555;0
05.559;05.556;0
05.559;05.557;0
05.559;05.558;0
05.559;05.559;0
05.559;05.560;0
05.559;05.561;0
05.559;05.562;0
05.559;05.563;0
05.559;05.564;0
05.559;05.565;0
05.559;05.566;0
05.559;05.567;0
05.559;05.568;0
05.559;05.569;0
05.559;05.570;0
05.559;05.571;0
05.559;05.572;0
05.559;05.573;0
05.559;05.574;0
05.559;05.575;0
05.559;05.576;0
05.559;05.577;0
05.559;05.578;0
05.559;05.579;0
05.559;05.580;0
05.559;05.581;0
05.559;05.582;0
05.559;05.583;0
05.559;05.584;0
05.559;05.585;0
05.559;05.586;0
05.559;05.587;0
05.559;05.588;0
05.559;05.589;0
05.559;05.590;0
05.559;05.591;0
05.559;05.592;0
05.559;05.593;0
05.559;05.594;0
05.559;05.595;0
05.559;05.596;0
05.559;05.597;0
05.559;05.598;0
05.559;05.599;0
05.559;05.600;0
05.559;05.601;0
05.559;05.604;0
05.559;05.607;0
05.559;05.611;0
05.559;05.613;0
05.559;05.614;0
05.559;05.615;0
05.559;05.616;0
05.559;22.400;0
05.560;05.554;0
05.560;05.555;0
05.560;05.556;0
05.560;05.557;0
05.560;05.558;0
05.560;05.559;0
05.560;05.560;0
05.560;05.561;0
05.560;05.562;0
05.560;05.563;0
05.560;05.564;0
05.560;05.565;0
05.560;05.566;0
05.560;05.567;0
05.560;05.568;0
05.560;05.569;0
05.560;05.570;0
05.560;05.571;0
05.560;05.572;0
05.560;05.573;0
05.560;05.574;0
05.560;05.575;0
05.560;05.576;0
05.560;05.577;0
05.560;05.578;0
05.560;05.579;0
05.560;05.580;0
05.560;05.581;0
05.560;05.582;0
05.560;05.583;0
05.560;05.584;0
05.560;05.585;0
05.560;05.586;0
05.560;05.587;0
05.560;05.588;0
05.560;05.589;0
05.560;05.590;0
05.560;05.591;0
05.560;05.592;0
05.560;05.593;0
05.560;05.594;0
05.560;05.595;0
05.560;05.596;0
05.560;05.597;0
05.560;05.598;0
05.560;05.599;0
05.560;05.600;0
05.560;05.601;0
05.560;05.604;0
05.560;05.607;0
05.560;05.611;0
05.560;05.613;0
05.560;05.614;0
05.560;05.615;0
05.560;05.616;0
05.560;22.400;0
05.561;05.554;0.149390243902439
05.561;05.555;0.138719512195122
05.561;05.556;0.114329268292683
05.561;05.557;0.185975609756098
05.561;05.558;0.18140243902439
05.561;05.559;0
05.561;05.560;0
05.561;05.561;0
05.561;05.562;0.132621951219512
05.561;05.563;0
05.561;05.564;0.164634146341463
05.561;05.565;0.144817073170732
05.561;05.566;0.140243902439024
05.561;05.567;0.13109756097561
05.561;05.568;0.0807926829268293
05.561;05.569;0.109756097560976
05.561;05.570;0.440548780487805
05.561;05.571;0.143292682926829
05.561;05.572;0.195121951219512
05.561;05.573;0.176829268292683
05.561;05.574;0.160060975609756
05.561;05.575;0.344512195121951
05.561;05.576;0.167682926829268
05.561;05.577;0
05.561;05.578;0
05.561;05.579;0.0685975609756098
05.561;05.580;0
05.561;05.581;0.143292682926829
05.561;05.582;0.11280487804878
05.561;05.583;0.236280487804878
05.561;05.584;0.141768292682927
05.561;05.585;0.0823170731707317
05.561;05.586;0.149390243902439
05.561;05.587;0.152439024390244
05.561;05.588;0
05.561;05.589;0.277439024390244
05.561;05.590;0.167682926829268
05.561;05.591;0.170731707317073
05.561;05.592;0.230182926829268
05.561;05.593;0
05.561;05.594;0
05.561;05.595;0
05.561;05.596;0
05.561;05.597;0.163109756097561
05.561;05.598;0.222560975609756
05.561;05.599;0.18140243902439
05.561;05.600;0
05.561;05.601;0.272865853658537
05.561;05.604;0
05.561;05.607;0
05.561;05.611;0.149390243902439
05.561;05.613;0.172256097560976
05.561;05.614;0.38109756097561
05.561;05.615;0
05.561;05.616;0
05.561;22.400;0.172256097560976
05.562;05.554;0.123475609756098
05.562;05.555;0.125
05.562;05.556;0.0990853658536585
05.562;05.557;0.161585365853659
05.562;05.558;0.155487804878049
05.562;05.559;0
05.562;05.560;0
05.562;05.561;0.132621951219512
05.562;05.562;0
05.562;05.563;0
05.562;05.564;0.128048780487805
05.562;05.565;0.129573170731707
05.562;05.566;0.117378048780488
05.562;05.567;0.120426829268293
05.562;05.568;0.0670731707317073
05.562;05.569;0.0945121951219512
05.562;05.570;0.371951219512195
05.562;05.571;0.103658536585366
05.562;05.572;0.173780487804878
05.562;05.573;0.160060975609756
05.562;05.574;0.132621951219512
05.562;05.575;0.283536585365854
05.562;05.576;0.128048780487805
05.562;05.577;0
05.562;05.578;0
05.562;05.579;0.0685975609756098
05.562;05.580;0
05.562;05.581;0.114329268292683
05.562;05.582;0.0990853658536585
05.562;05.583;0.19359756097561
05.562;05.584;0.114329268292683
05.562;05.585;0.0640243902439024
05.562;05.586;0.125
05.562;05.587;0.11280487804878
05.562;05.588;0
05.562;05.589;0.234756097560976
05.562;05.590;0.128048780487805
05.562;05.591;0.153963414634146
05.562;05.592;0.19969512195122
05.562;05.593;0
05.562;05.594;0
05.562;05.595;0
05.562;05.596;0
05.562;05.597;0.123475609756098
05.562;05.598;0.17530487804878
05.562;05.599;0.147865853658537
05.562;05.600;0
05.562;05.601;0.211890243902439
05.562;05.604;0
05.562;05.607;0
05.562;05.611;0.125
05.562;05.613;0.132621951219512
05.562;05.614;0.295731707317073
05.562;05.615;0
05.562;05.616;0
05.562;22.400;0.132621951219512
05.563;05.554;0
05.563;05.555;0
05.563;05.556;0
05.563;05.557;0
05.563;05.558;0
05.563;05.559;0
05.563;05.560;0
05.563;05.561;0
05.563;05.562;0
05.563;05.563;0
05.563;05.564;0
05.563;05.565;0
05.563;05.566;0
05.563;05.567;0
05.563;05.568;0
05.563;05.569;0
05.563;05.570;0
05.563;05.571;0
05.563;05.572;0
05.563;05.573;0
05.563;05.574;0
05.563;05.575;0
05.563;05.576;0
05.563;05.577;0
05.563;05.578;0
05.563;05.579;0
05.563;05.580;0
05.563;05.581;0
05.563;05.582;0
05.563;05.583;0
05.563;05.584;0
05.563;05.585;0
05.563;05.586;0
05.563;05.587;0
05.563;05.588;0
05.563;05.589;0
05.563;05.590;0
05.563;05.591;0
05.563;05.592;0
05.563;05.593;0
05.563;05.594;0
05.563;05.595;0
05.563;05.596;0
05.563;05.597;0
05.563;05.598;0
05.563;05.599;0
05.563;05.600;0
05.563;05.601;0
05.563;05.604;0
05.563;05.607;0
05.563;05.611;0
05.563;05.613;0
05.563;05.614;0
05.563;05.615;0
05.563;05.616;0
05.563;22.400;0
05.564;05.554;0.141768292682927
05.564;05.555;0.132621951219512
05.564;05.556;0.108231707317073
05.564;05.557;0.182926829268293
05.564;05.558;0.17530487804878
05.564;05.559;0
05.564;05.560;0
05.564;05.561;0.164634146341463
05.564;05.562;0.128048780487805
05.564;05.563;0
05.564;05.564;0
05.564;05.565;0.138719512195122
05.564;05.566;0.134146341463415
05.564;05.567;0.123475609756098
05.564;05.568;0.0762195121951219
05.564;05.569;0.105182926829268
05.564;05.570;0.422256097560976
05.564;05.571;0.138719512195122
05.564;05.572;0.1875
05.564;05.573;0.167682926829268
05.564;05.574;0.155487804878049
05.564;05.575;0.326219512195122
05.564;05.576;0.173780487804878
05.564;05.577;0
05.564;05.578;0
05.564;05.579;0.0640243902439024
05.564;05.580;0
05.564;05.581;0.135670731707317
05.564;05.582;0.106707317073171
05.564;05.583;0.228658536585366
05.564;05.584;0.141768292682927
05.564;05.585;0.0792682926829268
05.564;05.586;0.141768292682927
05.564;05.587;0.163109756097561
05.564;05.588;0
05.564;05.589;0.263719512195122
05.564;05.590;0.170731707317073
05.564;05.591;0.163109756097561
05.564;05.592;0.216463414634146
05.564;05.593;0
05.564;05.594;0
05.564;05.595;0
05.564;05.596;0
05.564;05.597;0.167682926829268
05.564;05.598;0.23780487804878
05.564;05.599;0.172256097560976
05.564;05.600;0
05.564;05.601;0.259146341463415
05.564;05.604;0
05.564;05.607;0
05.564;05.611;0.141768292682927
05.564;05.613;0.173780487804878
05.564;05.614;0.364329268292683
05.564;05.615;0
05.564;05.616;0
05.564;22.400;0.173780487804878
05.565;05.554;0.144817073170732
05.565;05.555;0.141768292682927
05.565;05.556;0.129573170731707
05.565;05.557;0.173780487804878
05.565;05.558;0.170731707317073
05.565;05.559;0
05.565;05.560;0
05.565;05.561;0.144817073170732
05.565;05.562;0.129573170731707
05.565;05.563;0
05.565;05.564;0.138719512195122
05.565;05.565;0
05.565;05.566;0.140243902439024
05.565;05.567;0.138719512195122
05.565;05.568;0.0731707317073171
05.565;05.569;0.117378048780488
05.565;05.570;0.435975609756098
05.565;05.571;0.126524390243902
05.565;05.572;0.196646341463415
05.565;05.573;0.205792682926829
05.565;05.574;0.144817073170732
05.565;05.575;0.336890243902439
05.565;05.576;0.144817073170732
05.565;05.577;0
05.565;05.578;0
05.565;05.579;0.0807926829268293
05.565;05.580;0
05.565;05.581;0.13719512195122
05.565;05.582;0.125
05.565;05.583;0.219512195121951
05.565;05.584;0.126524390243902
05.565;05.585;0.0762195121951219
05.565;05.586;0.144817073170732
05.565;05.587;0.135670731707317
05.565;05.588;0
05.565;05.589;0.274390243902439
05.565;05.590;0.144817073170732
05.565;05.591;0.18140243902439
05.565;05.592;0.236280487804878
05.565;05.593;0
05.565;05.594;0
05.565;05.595;0
05.565;05.596;0
05.565;05.597;0.135670731707317
05.565;05.598;0.201219512195122
05.565;05.599;0.18140243902439
05.565;05.600;0
05.565;05.601;0.246951219512195
05.565;05.604;0
05.565;05.607;0
05.565;05.611;0.144817073170732
05.565;05.613;0.144817073170732
05.565;05.614;0.332317073170732
05.565;05.615;0
05.565;05.616;0
05.565;22.400;0.144817073170732
05.566;05.554;0.140243902439024
05.566;05.555;0.128048780487805
05.566;05.556;0.114329268292683
05.566;05.557;0.170731707317073
05.566;05.558;0.160060975609756
05.566;05.559;0
05.566;05.560;0
05.566;05.561;0.140243902439024
05.566;05.562;0.117378048780488
05.566;05.563;0
05.566;05.564;0.134146341463415
05.566;05.565;0.140243902439024
05.566;05.566;0
05.566;05.567;0.126524390243902
05.566;05.568;0.0792682926829268
05.566;05.569;0.11280487804878
05.566;05.570;0.365853658536585
05.566;05.571;0.120426829268293
05.566;05.572;0.184451219512195
05.566;05.573;0.184451219512195
05.566;05.574;0.140243902439024
05.566;05.575;0.346036585365854
05.566;05.576;0.140243902439024
05.566;05.577;0
05.566;05.578;0
05.566;05.579;0.0731707317073171
05.566;05.580;0
05.566;05.581;0.140243902439024
05.566;05.582;0.115853658536585
05.566;05.583;0.225609756097561
05.566;05.584;0.129573170731707
05.566;05.585;0.0853658536585366
05.566;05.586;0.140243902439024
05.566;05.587;0.13109756097561
05.566;05.588;0
05.566;05.589;0.263719512195122
05.566;05.590;0.140243902439024
05.566;05.591;0.161585365853659
05.566;05.592;0.228658536585366
05.566;05.593;0
05.566;05.594;0
05.566;05.595;0
05.566;05.596;0
05.566;05.597;0.129573170731707
05.566;05.598;0.192073170731707
05.566;05.599;0.164634146341463
05.566;05.600;0
05.566;05.601;0.246951219512195
05.566;05.604;0
05.566;05.607;0
05.566;05.611;0.140243902439024
05.566;05.613;0.140243902439024
05.566;05.614;0.321646341463415
05.566;05.615;0
05.566;05.616;0
05.566;22.400;0.140243902439024
05.567;05.554;0.13109756097561
05.567;05.555;0.125
05.567;05.556;0.115853658536585
05.567;05.557;0.160060975609756
05.567;05.558;0.155487804878049
05.567;05.559;0
05.567;05.560;0
05.567;05.561;0.13109756097561
05.567;05.562;0.120426829268293
05.567;05.563;0
05.567;05.564;0.123475609756098
05.567;05.565;0.138719512195122
05.567;05.566;0.126524390243902
05.567;05.567;0
05.567;05.568;0.0823170731707317
05.567;05.569;0.103658536585366
05.567;05.570;0.347560975609756
05.567;05.571;0.11890243902439
05.567;05.572;0.166158536585366
05.567;05.573;0.18140243902439
05.567;05.574;0.13109756097561
05.567;05.575;0.295731707317073
05.567;05.576;0.13109756097561
05.567;05.577;0
05.567;05.578;0
05.567;05.579;0.0746951219512195
05.567;05.580;0
05.567;05.581;0.123475609756098
05.567;05.582;0.106707317073171
05.567;05.583;0.214939024390244
05.567;05.584;0.117378048780488
05.567;05.585;0.0746951219512195
05.567;05.586;0.13109756097561
05.567;05.587;0.121951219512195
05.567;05.588;0
05.567;05.589;0.24390243902439
05.567;05.590;0.13109756097561
05.567;05.591;0.157012195121951
05.567;05.592;0.217987804878049
05.567;05.593;0
05.567;05.594;0
05.567;05.595;0
05.567;05.596;0
05.567;05.597;0.121951219512195
05.567;05.598;0.178353658536585
05.567;05.599;0.163109756097561
05.567;05.600;0
05.567;05.601;0.216463414634146
05.567;05.604;0
05.567;05.607;0
05.567;05.611;0.13109756097561
05.567;05.613;0.13109756097561
05.567;05.614;0.304878048780488
05.567;05.615;0
05.567;05.616;0
05.567;22.400;0.13109756097561
05.568;05.554;0.0762195121951219
05.568;05.555;0.0701219512195122
05.568;05.556;0.0716463414634146
05.568;05.557;0.0945121951219512
05.568;05.558;0.0960365853658536
05.568;05.559;0
05.568;05.560;0
05.568;05.561;0.0807926829268293
05.568;05.562;0.0670731707317073
05.568;05.563;0
05.568;05.564;0.0762195121951219
05.568;05.565;0.0731707317073171
05.568;05.566;0.0792682926829268
05.568;05.567;0.0823170731707317
05.568;05.568;0
05.568;05.569;0.0685975609756098
05.568;05.570;0.196646341463415
05.568;05.571;0.0685975609756098
05.568;05.572;0.108231707317073
05.568;05.573;0.086890243902439
05.568;05.574;0.0762195121951219
05.568;05.575;0.189024390243902
05.568;05.576;0.0807926829268293
05.568;05.577;0
05.568;05.578;0
05.568;05.579;0.048780487804878
05.568;05.580;0
05.568;05.581;0.0777439024390244
05.568;05.582;0.0640243902439024
05.568;05.583;0.125
05.568;05.584;0.0731707317073171
05.568;05.585;0.0442073170731707
05.568;05.586;0.0762195121951219
05.568;05.587;0.0746951219512195
05.568;05.588;0
05.568;05.589;0.147865853658537
05.568;05.590;0.0807926829268293
05.568;05.591;0.0838414634146341
05.568;05.592;0.126524390243902
05.568;05.593;0
05.568;05.594;0
05.568;05.595;0
05.568;05.596;0
05.568;05.597;0.0746951219512195
05.568;05.598;0.106707317073171
05.568;05.599;0.0899390243902439
05.568;05.600;0
05.568;05.601;0.150914634146341
05.568;05.604;0
05.568;05.607;0
05.568;05.611;0.0762195121951219
05.568;05.613;0.0807926829268293
05.568;05.614;0.185975609756098
05.568;05.615;0
05.568;05.616;0
05.568;22.400;0.0807926829268293
05.569;05.554;0.109756097560976
05.569;05.555;0.103658536585366
05.569;05.556;0.0990853658536585
05.569;05.557;0.129573170731707
05.569;05.558;0.129573170731707
05.569;05.559;0
05.569;05.560;0
05.569;05.561;0.109756097560976
05.569;05.562;0.0945121951219512
05.569;05.563;0
05.569;05.564;0.105182926829268
05.569;05.565;0.117378048780488
05.569;05.566;0.11280487804878
05.569;05.567;0.103658536585366
05.569;05.568;0.0685975609756098
05.569;05.569;0
05.569;05.570;0.329268292682927
05.569;05.571;0.0914634146341463
05.569;05.572;0.146341463414634
05.569;05.573;0.155487804878049
05.569;05.574;0.109756097560976
05.569;05.575;0.263719512195122
05.569;05.576;0.109756097560976
05.569;05.577;0
05.569;05.578;0
05.569;05.579;0.0579268292682927
05.569;05.580;0
05.569;05.581;0.109756097560976
05.569;05.582;0.0975609756097561
05.569;05.583;0.169207317073171
05.569;05.584;0.0975609756097561
05.569;05.585;0.0685975609756098
05.569;05.586;0.109756097560976
05.569;05.587;0.100609756097561
05.569;05.588;0
05.569;05.589;0.211890243902439
05.569;05.590;0.109756097560976
05.569;05.591;0.135670731707317
05.569;05.592;0.176829268292683
05.569;05.593;0
05.569;05.594;0
05.569;05.595;0
05.569;05.596;0
05.569;05.597;0.100609756097561
05.569;05.598;0.146341463414634
05.569;05.599;0.128048780487805
05.569;05.600;0
05.569;05.601;0.19359756097561
05.569;05.604;0
05.569;05.607;0
05.569;05.611;0.109756097560976
05.569;05.613;0.109756097560976
05.569;05.614;0.25
05.569;05.615;0
05.569;05.616;0
05.569;22.400;0.109756097560976
05.570;05.554;0.413109756097561
05.570;05.555;0.423780487804878
05.570;05.556;0.326219512195122
05.570;05.557;0.478658536585366
05.570;05.558;0.490853658536585
05.570;05.559;0
05.570;05.560;0
05.570;05.561;0.440548780487805
05.570;05.562;0.371951219512195
05.570;05.563;0
05.570;05.564;0.422256097560976
05.570;05.565;0.435975609756098
05.570;05.566;0.365853658536585
05.570;05.567;0.347560975609756
05.570;05.568;0.196646341463415
05.570;05.569;0.329268292682927
05.570;05.570;0
05.570;05.571;0.352134146341463
05.570;05.572;0.559451219512195
05.570;05.573;0.498475609756098
05.570;05.574;0.440548780487805
05.570;05.575;0.900914634146341
05.570;05.576;0.440548780487805
05.570;05.577;0
05.570;05.578;0
05.570;05.579;0.17530487804878
05.570;05.580;0
05.570;05.581;0.361280487804878
05.570;05.582;0.321646341463415
05.570;05.583;0.445121951219512
05.570;05.584;0.260670731707317
05.570;05.585;0.216463414634146
05.570;05.586;0.422256097560976
05.570;05.587;0.367378048780488
05.570;05.588;0
05.570;05.589;0.745426829268293
05.570;05.590;0.440548780487805
05.570;05.591;0.547256097560976
05.570;05.592;0.592987804878049
05.570;05.593;0
05.570;05.594;0
05.570;05.595;0
05.570;05.596;0
05.570;05.597;0.414634146341463
05.570;05.598;0.547256097560976
05.570;05.599;0.432926829268293
05.570;05.600;0
05.570;05.601;0.740853658536585
05.570;05.604;0
05.570;05.607;0
05.570;05.611;0.422256097560976
05.570;05.613;0.440548780487805
05.570;05.614;1
05.570;05.615;0
05.570;05.616;0
05.570;22.400;0.440548780487805
05.571;05.554;0.129573170731707
05.571;05.555;0.114329268292683
05.571;05.556;0.102134146341463
05.571;05.557;0.150914634146341
05.571;05.558;0.147865853658537
05.571;05.559;0
05.571;05.560;0
05.571;05.561;0.143292682926829
05.571;05.562;0.103658536585366
05.571;05.563;0
05.571;05.564;0.138719512195122
05.571;05.565;0.126524390243902
05.571;05.566;0.120426829268293
05.571;05.567;0.11890243902439
05.571;05.568;0.0685975609756098
05.571;05.569;0.0914634146341463
05.571;05.570;0.352134146341463
05.571;05.571;0
05.571;05.572;0.158536585365854
05.571;05.573;0.169207317073171
05.571;05.574;0.13109756097561
05.571;05.575;0.289634146341463
05.571;05.576;0.146341463414634
05.571;05.577;0
05.571;05.578;0
05.571;05.579;0.0594512195121951
05.571;05.580;0
05.571;05.581;0.125
05.571;05.582;0.0975609756097561
05.571;05.583;0.214939024390244
05.571;05.584;0.121951219512195
05.571;05.585;0.0716463414634146
05.571;05.586;0.128048780487805
05.571;05.587;0.13719512195122
05.571;05.588;0
05.571;05.589;0.23780487804878
05.571;05.590;0.146341463414634
05.571;05.591;0.146341463414634
05.571;05.592;0.202743902439024
05.571;05.593;0
05.571;05.594;0
05.571;05.595;0
05.571;05.596;0
05.571;05.597;0.143292682926829
05.571;05.598;0.1875
05.571;05.599;0.164634146341463
05.571;05.600;0
05.571;05.601;0.230182926829268
05.571;05.604;0
05.571;05.607;0
05.571;05.611;0.128048780487805
05.571;05.613;0.146341463414634
05.571;05.614;0.329268292682927
05.571;05.615;0
05.571;05.616;0
05.571;22.400;0.146341463414634
05.572;05.554;0.190548780487805
05.572;05.555;0.184451219512195
05.572;05.556;0.150914634146341
05.572;05.557;0.240853658536585
05.572;05.558;0.233231707317073
05.572;05.559;0
05.572;05.560;0
05.572;05.561;0.195121951219512
05.572;05.562;0.173780487804878
05.572;05.563;0
05.572;05.564;0.1875
05.572;05.565;0.196646341463415
05.572;05.566;0.184451219512195
05.572;05.567;0.166158536585366
05.572;05.568;0.108231707317073
05.572;05.569;0.146341463414634
05.572;05.570;0.559451219512195
05.572;05.571;0.158536585365854
05.572;05.572;0
05.572;05.573;0.214939024390244
05.572;05.574;0.195121951219512
05.572;05.575;0.471036585365854
05.572;05.576;0.195121951219512
05.572;05.577;0
05.572;05.578;0
05.572;05.579;0.0990853658536585
05.572;05.580;0
05.572;05.581;0.18140243902439
05.572;05.582;0.158536585365854
05.572;05.583;0.289634146341463
05.572;05.584;0.172256097560976
05.572;05.585;0.0975609756097561
05.572;05.586;0.192073170731707
05.572;05.587;0.176829268292683
05.572;05.588;0
05.572;05.589;0.356707317073171
05.572;05.590;0.195121951219512
05.572;05.591;0.216463414634146
05.572;05.592;0.307926829268293
05.572;05.593;0
05.572;05.594;0
05.572;05.595;0
05.572;05.596;0
05.572;05.597;0.182926829268293
05.572;05.598;0.262195121951219
05.572;05.599;0.221036585365854
05.572;05.600;0
05.572;05.601;0.344512195121951
05.572;05.604;0
05.572;05.607;0
05.572;05.611;0.192073170731707
05.572;05.613;0.195121951219512
05.572;05.614;0.442073170731707
05.572;05.615;0
05.572;05.616;0
05.572;22.400;0.195121951219512
05.573;05.554;0.176829268292683
05.573;05.555;0.169207317073171
05.573;05.556;0.169207317073171
05.573;05.557;0.210365853658537
05.573;05.558;0.19359756097561
05.573;05.559;0
05.573;05.560;0
05.573;05.561;0.176829268292683
05.573;05.562;0.160060975609756
05.573;05.563;0
05.573;05.564;0.167682926829268
05.573;05.565;0.205792682926829
05.573;05.566;0.184451219512195
05.573;05.567;0.18140243902439
05.573;05.568;0.086890243902439
05.573;05.569;0.155487804878049
05.573;05.570;0.498475609756098
05.573;05.571;0.169207317073171
05.573;05.572;0.214939024390244
05.573;05.573;0
05.573;05.574;0.176829268292683
05.573;05.575;0.400914634146341
05.573;05.576;0.176829268292683
05.573;05.577;0
05.573;05.578;0
05.573;05.579;0.105182926829268
05.573;05.580;0
05.573;05.581;0.176829268292683
05.573;05.582;0.161585365853659
05.573;05.583;0.301829268292683
05.573;05.584;0.163109756097561
05.573;05.585;0.109756097560976
05.573;05.586;0.176829268292683
05.573;05.587;0.158536585365854
05.573;05.588;0
05.573;05.589;0.349085365853659
05.573;05.590;0.176829268292683
05.573;05.591;0.245426829268293
05.573;05.592;0.303353658536585
05.573;05.593;0
05.573;05.594;0
05.573;05.595;0
05.573;05.596;0
05.573;05.597;0.167682926829268
05.573;05.598;0.23780487804878
05.573;05.599;0.236280487804878
05.573;05.600;0
05.573;05.601;0.268292682926829
05.573;05.604;0
05.573;05.607;0
05.573;05.611;0.176829268292683
05.573;05.613;0.176829268292683
05.573;05.614;0.408536585365854
05.573;05.615;0
05.573;05.616;0
05.573;22.400;0.176829268292683
05.574;05.554;0.149390243902439
05.574;05.555;0.138719512195122
05.574;05.556;0.114329268292683
05.574;05.557;0.189024390243902
05.574;05.558;0.184451219512195
05.574;05.559;0
05.574;05.560;0
05.574;05.561;0.160060975609756
05.574;05.562;0.132621951219512
05.574;05.563;0
05.574;05.564;0.155487804878049
05.574;05.565;0.144817073170732
05.574;05.566;0.140243902439024
05.574;05.567;0.13109756097561
05.574;05.568;0.0762195121951219
05.574;05.569;0.109756097560976
05.574;05.570;0.440548780487805
05.574;05.571;0.13109756097561
05.574;05.572;0.195121951219512
05.574;05.573;0.176829268292683
05.574;05.574;0
05.574;05.575;0.344512195121951
05.574;05.576;0.155487804878049
05.574;05.577;0
05.574;05.578;0
05.574;05.579;0.0685975609756098
05.574;05.580;0
05.574;05.581;0.141768292682927
05.574;05.582;0.11280487804878
05.574;05.583;0.224085365853659
05.574;05.584;0.129573170731707
05.574;05.585;0.0823170731707317
05.574;05.586;0.149390243902439
05.574;05.587;0.140243902439024
05.574;05.588;0
05.574;05.589;0.271341463414634
05.574;05.590;0.155487804878049
05.574;05.591;0.170731707317073
05.574;05.592;0.230182926829268
05.574;05.593;0
05.574;05.594;0
05.574;05.595;0
05.574;05.596;0
05.574;05.597;0.152439024390244
05.574;05.598;0.213414634146341
05.574;05.599;0.17530487804878
05.574;05.600;0
05.574;05.601;0.265243902439024
05.574;05.604;0
05.574;05.607;0
05.574;05.611;0.149390243902439
05.574;05.613;0.161585365853659
05.574;05.614;0.356707317073171
05.574;05.615;0
05.574;05.616;0
05.574;22.400;0.161585365853659
05.575;05.554;0.344512195121951
05.575;05.555;0.309451219512195
05.575;05.556;0.266768292682927
05.575;05.557;0.416158536585366
05.575;05.558;0.397865853658537
05.575;05.559;0
05.575;05.560;0
05.575;05.561;0.344512195121951
05.575;05.562;0.283536585365854
05.575;05.563;0
05.575;05.564;0.326219512195122
05.575;05.565;0.336890243902439
05.575;05.566;0.346036585365854
05.575;05.567;0.295731707317073
05.575;05.568;0.189024390243902
05.575;05.569;0.263719512195122
05.575;05.570;0.900914634146341
05.575;05.571;0.289634146341463
05.575;05.572;0.471036585365854
05.575;05.573;0.400914634146341
05.575;05.574;0.344512195121951
05.575;05.575;0
05.575;05.576;0.344512195121951
05.575;05.577;0
05.575;05.578;0
05.575;05.579;0.166158536585366
05.575;05.580;0
05.575;05.581;0.341463414634146
05.575;05.582;0.275914634146341
05.575;05.583;0.538109756097561
05.575;05.584;0.314024390243902
05.575;05.585;0.198170731707317
05.575;05.586;0.344512195121951
05.575;05.587;0.323170731707317
05.575;05.588;0
05.575;05.589;0.63719512195122
05.575;05.590;0.344512195121951
05.575;05.591;0.370426829268293
05.575;05.592;0.544207317073171
05.575;05.593;0
05.575;05.594;0
05.575;05.595;0
05.575;05.596;0
05.575;05.597;0.320121951219512
05.575;05.598;0.477134146341463
05.575;05.599;0.399390243902439
05.575;05.600;0
05.575;05.601;0.617378048780488
05.575;05.604;0
05.575;05.607;0
05.575;05.611;0.344512195121951
05.575;05.613;0.344512195121951
05.575;05.614;0.795731707317073
05.575;05.615;0
05.575;05.616;0
05.575;22.400;0.344512195121951
05.576;05.554;0.149390243902439
05.576;05.555;0.138719512195122
05.576;05.556;0.114329268292683
05.576;05.557;0.18140243902439
05.576;05.558;0.176829268292683
05.576;05.559;0
05.576;05.560;0
05.576;05.561;0.167682926829268
05.576;05.562;0.128048780487805
05.576;05.563;0
05.576;05.564;0.173780487804878
05.576;05.565;0.144817073170732
05.576;05.566;0.140243902439024
05.576;05.567;0.13109756097561
05.576;05.568;0.0807926829268293
05.576;05.569;0.109756097560976
05.576;05.570;0.440548780487805
05.576;05.571;0.146341463414634
05.576;05.572;0.195121951219512
05.576;05.573;0.176829268292683
05.576;05.574;0.155487804878049
05.576;05.575;0.344512195121951
05.576;05.576;0
05.576;05.577;0
05.576;05.578;0
05.576;05.579;0.0685975609756098
05.576;05.580;0
05.576;05.581;0.143292682926829
05.576;05.582;0.11280487804878
05.576;05.583;0.240853658536585
05.576;05.584;0.149390243902439
05.576;05.585;0.0823170731707317
05.576;05.586;0.149390243902439
05.576;05.587;0.166158536585366
05.576;05.588;0
05.576;05.589;0.277439024390244
05.576;05.590;0.178353658536585
05.576;05.591;0.170731707317073
05.576;05.592;0.230182926829268
05.576;05.593;0
05.576;05.594;0
05.576;05.595;0
05.576;05.596;0
05.576;05.597;0.167682926829268
05.576;05.598;0.231707317073171
05.576;05.599;0.18140243902439
05.576;05.600;0
05.576;05.601;0.272865853658537
05.576;05.604;0
05.576;05.607;0
05.576;05.611;0.149390243902439
05.576;05.613;0.17530487804878
05.576;05.614;0.387195121951219
05.576;05.615;0
05.576;05.616;0
05.576;22.400;0.17530487804878
05.577;05.554;0
05.577;05.555;0
05.577;05.556;0
05.577;05.557;0
05.577;05.558;0
05.577;05.559;0
05.577;05.560;0
05.577;05.561;0
05.577;05.562;0
05.577;05.563;0
05.577;05.564;0
05.577;05.565;0
05.577;05.566;0
05.577;05.567;0
05.577;05.568;0
05.577;05.569;0
05.577;05.570;0
05.577;05.571;0
05.577;05.572;0
05.577;05.573;0
05.577;05.574;0
05.577;05.575;0
05.577;05.576;0
05.577;05.577;0
05.577;05.578;0
05.577;05.579;0
05.577;05.580;0
05.577;05.581;0
05.577;05.582;0
05.577;05.583;0
05.577;05.584;0
05.577;05.585;0
05.577;05.586;0
05.577;05.587;0
05.577;05.588;0
05.577;05.589;0
05.577;05.590;0
05.577;05.591;0
05.577;05.592;0
05.577;05.593;0
05.577;05.594;0
05.577;05.595;0
05.577;05.596;0
05.577;05.597;0
05.577;05.598;0
05.577;05.599;0
05.577;05.600;0
05.577;05.601;0
05.577;05.604;0
05.577;05.607;0
05.577;05.611;0
05.577;05.613;0
05.577;05.614;0
05.577;05.615;0
05.577;05.616;0
05.577;22.400;0
05.578;05.554;0
05.578;05.555;0
05.578;05.556;0
05.578;05.557;0
05.578;05.558;0
05.578;05.559;0
05.578;05.560;0
05.578;05.561;0
05.578;05.562;0
05.578;05.563;0
05.578;05.564;0
05.578;05.565;0
05.578;05.566;0
05.578;05.567;0
05.578;05.568;0
05.578;05.569;0
05.578;05.570;0
05.578;05.571;0
05.578;05.572;0
05.578;05.573;0
05.578;05.574;0
05.578;05.575;0
05.578;05.576;0
05.578;05.577;0
05.578;05.578;0
05.578;05.579;0
05.578;05.580;0
05.578;05.581;0
05.578;05.582;0
05.578;05.583;0
05.578;05.584;0
05.578;05.585;0
05.578;05.586;0
05.578;05.587;0
05.578;05.588;0
05.578;05.589;0
05.578;05.590;0
05.578;05.591;0
05.578;05.592;0
05.578;05.593;0
05.578;05.594;0
05.578;05.595;0
05.578;05.596;0
05.578;05.597;0
05.578;05.598;0
05.578;05.599;0
05.578;05.600;0
05.578;05.601;0
05.578;05.604;0
05.578;05.607;0
05.578;05.611;0
05.578;05.613;0
05.578;05.614;0
05.578;05.615;0
05.578;05.616;0
05.578;22.400;0
05.579;05.554;0.0685975609756098
05.579;05.555;0.0670731707317073
05.579;05.556;0.0701219512195122
05.579;05.557;0.0792682926829268
05.579;05.558;0.0853658536585366
05.579;05.559;0
05.579;05.560;0
05.579;05.561;0.0685975609756098
05.579;05.562;0.0685975609756098
05.579;05.563;0
05.579;05.564;0.0640243902439024
05.579;05.565;0.0807926829268293
05.579;05.566;0.0731707317073171
05.579;05.567;0.0746951219512195
05.579;05.568;0.048780487804878
05.579;05.569;0.0579268292682927
05.579;05.570;0.17530487804878
05.579;05.571;0.0594512195121951
05.579;05.572;0.0990853658536585
05.579;05.573;0.105182926829268
05.579;05.574;0.0685975609756098
05.579;05.575;0.166158536585366
05.579;05.576;0.0685975609756098
05.579;05.577;0
05.579;05.578;0
05.579;05.579;0
05.579;05.580;0
05.579;05.581;0.0685975609756098
05.579;05.582;0.0594512195121951
05.579;05.583;0.115853658536585
05.579;05.584;0.0731707317073171
05.579;05.585;0.0213414634146341
05.579;05.586;0.0685975609756098
05.579;05.587;0.0594512195121951
05.579;05.588;0
05.579;05.589;0.13719512195122
05.579;05.590;0.0685975609756098
05.579;05.591;0.0899390243902439
05.579;05.592;0.117378048780488
05.579;05.593;0
05.579;05.594;0
05.579;05.595;0
05.579;05.596;0
05.579;05.597;0.0625
05.579;05.598;0.103658536585366
05.579;05.599;0.0853658536585366
05.579;05.600;0
05.579;05.601;0.111280487804878
05.579;05.604;0
05.579;05.607;0
05.579;05.611;0.0685975609756098
05.579;05.613;0.0685975609756098
05.579;05.614;0.155487804878049
05.579;05.615;0
05.579;05.616;0
05.579;22.400;0.0685975609756098
05.580;05.554;0
05.580;05.555;0
05.580;05.556;0
05.580;05.557;0
05.580;05.558;0
05.580;05.559;0
05.580;05.560;0
05.580;05.561;0
05.580;05.562;0
05.580;05.563;0
05.580;05.564;0
05.580;05.565;0
05.580;05.566;0
05.580;05.567;0
05.580;05.568;0
05.580;05.569;0
05.580;05.570;0
05.580;05.571;0
05.580;05.572;0
05.580;05.573;0
05.580;05.574;0
05.580;05.575;0
05.580;05.576;0
05.580;05.577;0
05.580;05.578;0
05.580;05.579;0
05.580;05.580;0
05.580;05.581;0
05.580;05.582;0
05.580;05.583;0
05.580;05.584;0
05.580;05.585;0
05.580;05.586;0
05.580;05.587;0
05.580;05.588;0
05.580;05.589;0
05.580;05.590;0
05.580;05.591;0
05.580;05.592;0
05.580;05.593;0
05.580;05.594;0
05.580;05.595;0
05.580;05.596;0
05.580;05.597;0
05.580;05.598;0
05.580;05.599;0
05.580;05.600;0
05.580;05.601;0
05.580;05.604;0
05.580;05.607;0
05.580;05.611;0
05.580;05.613;0
05.580;05.614;0
05.580;05.615;0
05.580;05.616;0
05.580;22.400;0
05.581;05.554;0.140243902439024
05.581;05.555;0.125
05.581;05.556;0.111280487804878
05.581;05.557;0.167682926829268
05.581;05.558;0.160060975609756
05.581;05.559;0
05.581;05.560;0
05.581;05.561;0.143292682926829
05.581;05.562;0.114329268292683
05.581;05.563;0
05.581;05.564;0.135670731707317
05.581;05.565;0.13719512195122
05.581;05.566;0.140243902439024
05.581;05.567;0.123475609756098
05.581;05.568;0.0777439024390244
05.581;05.569;0.109756097560976
05.581;05.570;0.361280487804878
05.581;05.571;0.125
05.581;05.572;0.18140243902439
05.581;05.573;0.176829268292683
05.581;05.574;0.141768292682927
05.581;05.575;0.341463414634146
05.581;05.576;0.143292682926829
05.581;05.577;0
05.581;05.578;0
05.581;05.579;0.0685975609756098
05.581;05.580;0
05.581;05.581;0
05.581;05.582;0.11280487804878
05.581;05.583;0.225609756097561
05.581;05.584;0.13109756097561
05.581;05.585;0.0823170731707317
05.581;05.586;0.138719512195122
05.581;05.587;0.134146341463415
05.581;05.588;0
05.581;05.589;0.262195121951219
05.581;05.590;0.143292682926829
05.581;05.591;0.157012195121951
05.581;05.592;0.221036585365854
05.581;05.593;0
05.581;05.594;0
05.581;05.595;0
05.581;05.596;0
05.581;05.597;0.134146341463415
05.581;05.598;0.19359756097561
05.581;05.599;0.169207317073171
05.581;05.600;0
05.581;05.601;0.251524390243902
05.581;05.604;0
05.581;05.607;0
05.581;05.611;0.138719512195122
05.581;05.613;0.143292682926829
05.581;05.614;0.329268292682927
05.581;05.615;0
05.581;05.616;0
05.581;22.400;0.143292682926829
05.582;05.554;0.11280487804878
05.582;05.555;0.108231707317073
05.582;05.556;0.0990853658536585
05.582;05.557;0.140243902439024
05.582;05.558;0.13109756097561
05.582;05.559;0
05.582;05.560;0
05.582;05.561;0.11280487804878
05.582;05.562;0.0990853658536585
05.582;05.563;0
05.582;05.564;0.106707317073171
05.582;05.565;0.125
05.582;05.566;0.115853658536585
05.582;05.567;0.106707317073171
05.582;05.568;0.0640243902439024
05.582;05.569;0.0975609756097561
05.582;05.570;0.321646341463415
05.582;05.571;0.0975609756097561
05.582;05.572;0.158536585365854
05.582;05.573;0.161585365853659
05.582;05.574;0.11280487804878
05.582;05.575;0.275914634146341
05.582;05.576;0.11280487804878
05.582;05.577;0
05.582;05.578;0
05.582;05.579;0.0594512195121951
05.582;05.580;0
05.582;05.581;0.11280487804878
05.582;05.582;0
05.582;05.583;0.18140243902439
05.582;05.584;0.102134146341463
05.582;05.585;0.0685975609756098
05.582;05.586;0.11280487804878
05.582;05.587;0.106707317073171
05.582;05.588;0
05.582;05.589;0.221036585365854
05.582;05.590;0.11280487804878
05.582;05.591;0.141768292682927
05.582;05.592;0.192073170731707
05.582;05.593;0
05.582;05.594;0
05.582;05.595;0
05.582;05.596;0
05.582;05.597;0.105182926829268
05.582;05.598;0.149390243902439
05.582;05.599;0.138719512195122
05.582;05.600;0
05.582;05.601;0.195121951219512
05.582;05.604;0
05.582;05.607;0
05.582;05.611;0.11280487804878
05.582;05.613;0.11280487804878
05.582;05.614;0.262195121951219
05.582;05.615;0
05.582;05.616;0
05.582;22.400;0.11280487804878
05.583;05.554;0.222560975609756
05.583;05.555;0.198170731707317
05.583;05.556;0.179878048780488
05.583;05.557;0.282012195121951
05.583;05.558;0.259146341463415
05.583;05.559;0
05.583;05.560;0
05.583;05.561;0.236280487804878
05.583;05.562;0.19359756097561
05.583;05.563;0
05.583;05.564;0.228658536585366
05.583;05.565;0.219512195121951
05.583;05.566;0.225609756097561
05.583;05.567;0.214939024390244
05.583;05.568;0.125
05.583;05.569;0.169207317073171
05.583;05.570;0.445121951219512
05.583;05.571;0.214939024390244
05.583;05.572;0.289634146341463
05.583;05.573;0.301829268292683
05.583;05.574;0.224085365853659
05.583;05.575;0.538109756097561
05.583;05.576;0.240853658536585
05.583;05.577;0
05.583;05.578;0
05.583;05.579;0.115853658536585
05.583;05.580;0
05.583;05.581;0.225609756097561
05.583;05.582;0.18140243902439
05.583;05.583;0
05.583;05.584;0.253048780487805
05.583;05.585;0.141768292682927
05.583;05.586;0.221036585365854
05.583;05.587;0.231707317073171
05.583;05.588;0
05.583;05.589;0.429878048780488
05.583;05.590;0.240853658536585
05.583;05.591;0.239329268292683
05.583;05.592;0.385670731707317
05.583;05.593;0
05.583;05.594;0
05.583;05.595;0
05.583;05.596;0
05.583;05.597;0.225609756097561
05.583;05.598;0.326219512195122
05.583;05.599;0.30030487804878
05.583;05.600;0
05.583;05.601;0.385670731707317
05.583;05.604;0
05.583;05.607;0
05.583;05.611;0.221036585365854
05.583;05.613;0.240853658536585
05.583;05.614;0.551829268292683
05.583;05.615;0
05.583;05.616;0
05.583;22.400;0.240853658536585
05.584;05.554;0.128048780487805
05.584;05.555;0.114329268292683
05.584;05.556;0.102134146341463
05.584;05.557;0.161585365853659
05.584;05.558;0.153963414634146
05.584;05.559;0
05.584;05.560;0
05.584;05.561;0.141768292682927
05.584;05.562;0.114329268292683
05.584;05.563;0
05.584;05.564;0.141768292682927
05.584;05.565;0.126524390243902
05.584;05.566;0.129573170731707
05.584;05.567;0.117378048780488
05.584;05.568;0.0731707317073171
05.584;05.569;0.0975609756097561
05.584;05.570;0.260670731707317
05.584;05.571;0.121951219512195
05.584;05.572;0.172256097560976
05.584;05.573;0.163109756097561
05.584;05.574;0.129573170731707
05.584;05.575;0.314024390243902
05.584;05.576;0.149390243902439
05.584;05.577;0
05.584;05.578;0
05.584;05.579;0.0731707317073171
05.584;05.580;0
05.584;05.581;0.13109756097561
05.584;05.582;0.102134146341463
05.584;05.583;0.253048780487805
05.584;05.584;0
05.584;05.585;0.0640243902439024
05.584;05.586;0.126524390243902
05.584;05.587;0.140243902439024
05.584;05.588;0
05.584;05.589;0.25
05.584;05.590;0.149390243902439
05.584;05.591;0.138719512195122
05.584;05.592;0.207317073170732
05.584;05.593;0
05.584;05.594;0
05.584;05.595;0
05.584;05.596;0
05.584;05.597;0.140243902439024
05.584;05.598;0.202743902439024
05.584;05.599;0.167682926829268
05.584;05.600;0
05.584;05.601;0.228658536585366
05.584;05.604;0
05.584;05.607;0
05.584;05.611;0.126524390243902
05.584;05.613;0.149390243902439
05.584;05.614;0.336890243902439
05.584;05.615;0
05.584;05.616;0
05.584;22.400;0.149390243902439
05.585;05.554;0.0823170731707317
05.585;05.555;0.0762195121951219
05.585;05.556;0.0609756097560976
05.585;05.557;0.102134146341463
05.585;05.558;0.0853658536585366
05.585;05.559;0
05.585;05.560;0
05.585;05.561;0.0823170731707317
05.585;05.562;0.0640243902439024
05.585;05.563;0
05.585;05.564;0.0792682926829268
05.585;05.565;0.0762195121951219
05.585;05.566;0.0853658536585366
05.585;05.567;0.0746951219512195
05.585;05.568;0.0442073170731707
05.585;05.569;0.0685975609756098
05.585;05.570;0.216463414634146
05.585;05.571;0.0716463414634146
05.585;05.572;0.0975609756097561
05.585;05.573;0.109756097560976
05.585;05.574;0.0823170731707317
05.585;05.575;0.198170731707317
05.585;05.576;0.0823170731707317
05.585;05.577;0
05.585;05.578;0
05.585;05.579;0.0213414634146341
05.585;05.580;0
05.585;05.581;0.0823170731707317
05.585;05.582;0.0685975609756098
05.585;05.583;0.141768292682927
05.585;05.584;0.0640243902439024
05.585;05.585;0
05.585;05.586;0.0823170731707317
05.585;05.587;0.0823170731707317
05.585;05.588;0
05.585;05.589;0.152439024390244
05.585;05.590;0.0823170731707317
05.585;05.591;0.0899390243902439
05.585;05.592;0.138719512195122
05.585;05.593;0
05.585;05.594;0
05.585;05.595;0
05.585;05.596;0
05.585;05.597;0.0731707317073171
05.585;05.598;0.102134146341463
05.585;05.599;0.102134146341463
05.585;05.600;0
05.585;05.601;0.147865853658537
05.585;05.604;0
05.585;05.607;0
05.585;05.611;0.0823170731707317
05.585;05.613;0.0823170731707317
05.585;05.614;0.190548780487805
05.585;05.615;0
05.585;05.616;0
05.585;22.400;0.0823170731707317
05.586;05.554;0.147865853658537
05.586;05.555;0.135670731707317
05.586;05.556;0.114329268292683
05.586;05.557;0.178353658536585
05.586;05.558;0.172256097560976
05.586;05.559;0
05.586;05.560;0
05.586;05.561;0.149390243902439
05.586;05.562;0.125
05.586;05.563;0
05.586;05.564;0.141768292682927
05.586;05.565;0.144817073170732
05.586;05.566;0.140243902439024
05.586;05.567;0.13109756097561
05.586;05.568;0.0762195121951219
05.586;05.569;0.109756097560976
05.586;05.570;0.422256097560976
05.586;05.571;0.128048780487805
05.586;05.572;0.192073170731707
05.586;05.573;0.176829268292683
05.586;05.574;0.149390243902439
05.586;05.575;0.344512195121951
05.586;05.576;0.149390243902439
05.586;05.577;0
05.586;05.578;0
05.586;05.579;0.0685975609756098
05.586;05.580;0
05.586;05.581;0.138719512195122
05.586;05.582;0.11280487804878
05.586;05.583;0.221036585365854
05.586;05.584;0.126524390243902
05.586;05.585;0.0823170731707317
05.586;05.586;0
05.586;05.587;0.13719512195122
05.586;05.588;0
05.586;05.589;0.268292682926829
05.586;05.590;0.149390243902439
05.586;05.591;0.167682926829268
05.586;05.592;0.230182926829268
05.586;05.593;0
05.586;05.594;0
05.586;05.595;0
05.586;05.596;0
05.586;05.597;0.140243902439024
05.586;05.598;0.19969512195122
05.586;05.599;0.172256097560976
05.586;05.600;0
05.586;05.601;0.259146341463415
05.586;05.604;0
05.586;05.607;0
05.586;05.611;0.149390243902439
05.586;05.613;0.149390243902439
05.586;05.614;0.344512195121951
05.586;05.615;0
05.586;05.616;0
05.586;22.400;0.149390243902439
05.587;05.554;0.138719512195122
05.587;05.555;0.125
05.587;05.556;0.105182926829268
05.587;05.557;0.166158536585366
05.587;05.558;0.161585365853659
05.587;05.559;0
05.587;05.560;0
05.587;05.561;0.152439024390244
05.587;05.562;0.11280487804878
05.587;05.563;0
05.587;05.564;0.163109756097561
05.587;05.565;0.135670731707317
05.587;05.566;0.13109756097561
05.587;05.567;0.121951219512195
05.587;05.568;0.0746951219512195
05.587;05.569;0.100609756097561
05.587;05.570;0.367378048780488
05.587;05.571;0.13719512195122
05.587;05.572;0.176829268292683
05.587;05.573;0.158536585365854
05.587;05.574;0.140243902439024
05.587;05.575;0.323170731707317
05.587;05.576;0.166158536585366
05.587;05.577;0
05.587;05.578;0
05.587;05.579;0.0594512195121951
05.587;05.580;0
05.587;05.581;0.134146341463415
05.587;05.582;0.106707317073171
05.587;05.583;0.231707317073171
05.587;05.584;0.140243902439024
05.587;05.585;0.0823170731707317
05.587;05.586;0.13719512195122
05.587;05.587;0
05.587;05.588;0
05.587;05.589;0.25609756097561
05.587;05.590;0.163109756097561
05.587;05.591;0.149390243902439
05.587;05.592;0.219512195121951
05.587;05.593;0
05.587;05.594;0
05.587;05.595;0
05.587;05.596;0
05.587;05.597;0.152439024390244
05.587;05.598;0.227134146341463
05.587;05.599;0.173780487804878
05.587;05.600;0
05.587;05.601;0.262195121951219
05.587;05.604;0
05.587;05.607;0
05.587;05.611;0.13719512195122
05.587;05.613;0.160060975609756
05.587;05.614;0.353658536585366
05.587;05.615;0
05.587;05.616;0
05.587;22.400;0.160060975609756
05.588;05.554;0
05.588;05.555;0
05.588;05.556;0
05.588;05.557;0
05.588;05.558;0
05.588;05.559;0
05.588;05.560;0
05.588;05.561;0
05.588;05.562;0
05.588;05.563;0
05.588;05.564;0
05.588;05.565;0
05.588;05.566;0
05.588;05.567;0
05.588;05.568;0
05.588;05.569;0
05.588;05.570;0
05.588;05.571;0
05.588;05.572;0
05.588;05.573;0
05.588;05.574;0
05.588;05.575;0
05.588;05.576;0
05.588;05.577;0
05.588;05.578;0
05.588;05.579;0
05.588;05.580;0
05.588;05.581;0
05.588;05.582;0
05.588;05.583;0
05.588;05.584;0
05.588;05.585;0
05.588;05.586;0
05.588;05.587;0
05.588;05.588;0
05.588;05.589;0
05.588;05.590;0
05.588;05.591;0
05.588;05.592;0
05.588;05.593;0
05.588;05.594;0
05.588;05.595;0
05.588;05.596;0
05.588;05.597;0
05.588;05.598;0
05.588;05.599;0
05.588;05.600;0
05.588;05.601;0
05.588;05.604;0
05.588;05.607;0
05.588;05.611;0
05.588;05.613;0
05.588;05.614;0
05.588;05.615;0
05.588;05.616;0
05.588;22.400;0
05.589;05.554;0.268292682926829
05.589;05.555;0.25
05.589;05.556;0.217987804878049
05.589;05.557;0.326219512195122
05.589;05.558;0.310975609756098
05.589;05.559;0
05.589;05.560;0
05.589;05.561;0.277439024390244
05.589;05.562;0.234756097560976
05.589;05.563;0
05.589;05.564;0.263719512195122
05.589;05.565;0.274390243902439
05.589;05.566;0.263719512195122
05.589;05.567;0.24390243902439
05.589;05.568;0.147865853658537
05.589;05.569;0.211890243902439
05.589;05.570;0.745426829268293
05.589;05.571;0.23780487804878
05.589;05.572;0.356707317073171
05.589;05.573;0.349085365853659
05.589;05.574;0.271341463414634
05.589;05.575;0.63719512195122
05.589;05.576;0.277439024390244
05.589;05.577;0
05.589;05.578;0
05.589;05.579;0.13719512195122
05.589;05.580;0
05.589;05.581;0.262195121951219
05.589;05.582;0.221036585365854
05.589;05.583;0.429878048780488
05.589;05.584;0.25
05.589;05.585;0.152439024390244
05.589;05.586;0.268292682926829
05.589;05.587;0.25609756097561
05.589;05.588;0
05.589;05.589;0
05.589;05.590;0.277439024390244
05.589;05.591;0.317073170731707
05.589;05.592;0.432926829268293
05.589;05.593;0
05.589;05.594;0
05.589;05.595;0
05.589;05.596;0
05.589;05.597;0.259146341463415
05.589;05.598;0.371951219512195
05.589;05.599;0.326219512195122
05.589;05.600;0
05.589;05.601;0.475609756097561
05.589;05.604;0
05.589;05.607;0
05.589;05.611;0.268292682926829
05.589;05.613;0.277439024390244
05.589;05.614;0.638719512195122
05.589;05.615;0
05.589;05.616;0
05.589;22.400;0.277439024390244
05.590;05.554;0.149390243902439
05.590;05.555;0.138719512195122
05.590;05.556;0.114329268292683
05.590;05.557;0.18140243902439
05.590;05.558;0.176829268292683
05.590;05.559;0
05.590;05.560;0
05.590;05.561;0.167682926829268
05.590;05.562;0.128048780487805
05.590;05.563;0
05.590;05.564;0.170731707317073
05.590;05.565;0.144817073170732
05.590;05.566;0.140243902439024
05.590;05.567;0.13109756097561
05.590;05.568;0.0807926829268293
05.590;05.569;0.109756097560976
05.590;05.570;0.440548780487805
05.590;05.571;0.146341463414634
05.590;05.572;0.195121951219512
05.590;05.573;0.176829268292683
05.590;05.574;0.155487804878049
05.590;05.575;0.344512195121951
05.590;05.576;0.178353658536585
05.590;05.577;0
05.590;05.578;0
05.590;05.579;0.0685975609756098
05.590;05.580;0
05.590;05.581;0.143292682926829
05.590;05.582;0.11280487804878
05.590;05.583;0.240853658536585
05.590;05.584;0.149390243902439
05.590;05.585;0.0823170731707317
05.590;05.586;0.149390243902439
05.590;05.587;0.163109756097561
05.590;05.588;0
05.590;05.589;0.277439024390244
05.590;05.590;0
05.590;05.591;0.170731707317073
05.590;05.592;0.230182926829268
05.590;05.593;0
05.590;05.594;0
05.590;05.595;0
05.590;05.596;0
05.590;05.597;0.167682926829268
05.590;05.598;0.228658536585366
05.590;05.599;0.18140243902439
05.590;05.600;0
05.590;05.601;0.272865853658537
05.590;05.604;0
05.590;05.607;0
05.590;05.611;0.149390243902439
05.590;05.613;0.17530487804878
05.590;05.614;0.387195121951219
05.590;05.615;0
05.590;05.616;0
05.590;22.400;0.17530487804878
05.591;05.554;0.166158536585366
05.591;05.555;0.166158536585366
05.591;05.556;0.146341463414634
05.591;05.557;0.208841463414634
05.591;05.558;0.19359756097561
05.591;05.559;0
05.591;05.560;0
05.591;05.561;0.170731707317073
05.591;05.562;0.153963414634146
05.591;05.563;0
05.591;05.564;0.163109756097561
05.591;05.565;0.18140243902439
05.591;05.566;0.161585365853659
05.591;05.567;0.157012195121951
05.591;05.568;0.0838414634146341
05.591;05.569;0.135670731707317
05.591;05.570;0.547256097560976
05.591;05.571;0.146341463414634
05.591;05.572;0.216463414634146
05.591;05.573;0.245426829268293
05.591;05.574;0.170731707317073
05.591;05.575;0.370426829268293
05.591;05.576;0.170731707317073
05.591;05.577;0
05.591;05.578;0
05.591;05.579;0.0899390243902439
05.591;05.580;0
05.591;05.581;0.157012195121951
05.591;05.582;0.141768292682927
05.591;05.583;0.239329268292683
05.591;05.584;0.138719512195122
05.591;05.585;0.0899390243902439
05.591;05.586;0.167682926829268
05.591;05.587;0.149390243902439
05.591;05.588;0
05.591;05.589;0.317073170731707
05.591;05.590;0.170731707317073
05.591;05.591;0
05.591;05.592;0.268292682926829
05.591;05.593;0
05.591;05.594;0
05.591;05.595;0
05.591;05.596;0
05.591;05.597;0.161585365853659
05.591;05.598;0.217987804878049
05.591;05.599;0.19969512195122
05.591;05.600;0
05.591;05.601;0.272865853658537
05.591;05.604;0
05.591;05.607;0
05.591;05.611;0.167682926829268
05.591;05.613;0.170731707317073
05.591;05.614;0.390243902439024
05.591;05.615;0
05.591;05.616;0
05.591;22.400;0.170731707317073
05.592;05.554;0.230182926829268
05.592;05.555;0.216463414634146
05.592;05.556;0.190548780487805
05.592;05.557;0.292682926829268
05.592;05.558;0.274390243902439
05.592;05.559;0
05.592;05.560;0
05.592;05.561;0.230182926829268
05.592;05.562;0.19969512195122
05.592;05.563;0
05.592;05.564;0.216463414634146
05.592;05.565;0.236280487804878
05.592;05.566;0.228658536585366
05.592;05.567;0.217987804878049
05.592;05.568;0.126524390243902
05.592;05.569;0.176829268292683
05.592;05.570;0.592987804878049
05.592;05.571;0.202743902439024
05.592;05.572;0.307926829268293
05.592;05.573;0.303353658536585
05.592;05.574;0.230182926829268
05.592;05.575;0.544207317073171
05.592;05.576;0.230182926829268
05.592;05.577;0
05.592;05.578;0
05.592;05.579;0.117378048780488
05.592;05.580;0
05.592;05.581;0.221036585365854
05.592;05.582;0.192073170731707
05.592;05.583;0.385670731707317
05.592;05.584;0.207317073170732
05.592;05.585;0.138719512195122
05.592;05.586;0.230182926829268
05.592;05.587;0.219512195121951
05.592;05.588;0
05.592;05.589;0.432926829268293
05.592;05.590;0.230182926829268
05.592;05.591;0.268292682926829
05.592;05.592;0
05.592;05.593;0
05.592;05.594;0
05.592;05.595;0
05.592;05.596;0
05.592;05.597;0.214939024390244
05.592;05.598;0.298780487804878
05.592;05.599;0.286585365853659
05.592;05.600;0
05.592;05.601;0.397865853658537
05.592;05.604;0
05.592;05.607;0
05.592;05.611;0.230182926829268
05.592;05.613;0.230182926829268
05.592;05.614;0.532012195121951
05.592;05.615;0
05.592;05.616;0
05.592;22.400;0.230182926829268
05.593;05.554;0
05.593;05.555;0
05.593;05.556;0
05.593;05.557;0
05.593;05.558;0
05.593;05.559;0
05.593;05.560;0
05.593;05.561;0
05.593;05.562;0
05.593;05.563;0
05.593;05.564;0
05.593;05.565;0
05.593;05.566;0
05.593;05.567;0
05.593;05.568;0
05.593;05.569;0
05.593;05.570;0
05.593;05.571;0
05.593;05.572;0
05.593;05.573;0
05.593;05.574;0
05.593;05.575;0
05.593;05.576;0
05.593;05.577;0
05.593;05.578;0
05.593;05.579;0
05.593;05.580;0
05.593;05.581;0
05.593;05.582;0
05.593;05.583;0
05.593;05.584;0
05.593;05.585;0
05.593;05.586;0
05.593;05.587;0
05.593;05.588;0
05.593;05.589;0
05.593;05.590;0
05.593;05.591;0
05.593;05.592;0
05.593;05.593;0
05.593;05.594;0
05.593;05.595;0
05.593;05.596;0
05.593;05.597;0
05.593;05.598;0
05.593;05.599;0
05.593;05.600;0
05.593;05.601;0
05.593;05.604;0
05.593;05.607;0
05.593;05.611;0
05.593;05.613;0
05.593;05.614;0
05.593;05.615;0
05.593;05.616;0
05.593;22.400;0
05.594;05.554;0
05.594;05.555;0
05.594;05.556;0
05.594;05.557;0
05.594;05.558;0
05.594;05.559;0
05.594;05.560;0
05.594;05.561;0
05.594;05.562;0
05.594;05.563;0
05.594;05.564;0
05.594;05.565;0
05.594;05.566;0
05.594;05.567;0
05.594;05.568;0
05.594;05.569;0
05.594;05.570;0
05.594;05.571;0
05.594;05.572;0
05.594;05.573;0
05.594;05.574;0
05.594;05.575;0
05.594;05.576;0
05.594;05.577;0
05.594;05.578;0
05.594;05.579;0
05.594;05.580;0
05.594;05.581;0
05.594;05.582;0
05.594;05.583;0
05.594;05.584;0
05.594;05.585;0
05.594;05.586;0
05.594;05.587;0
05.594;05.588;0
05.594;05.589;0
05.594;05.590;0
05.594;05.591;0
05.594;05.592;0
05.594;05.593;0
05.594;05.594;0
05.594;05.595;0
05.594;05.596;0
05.594;05.597;0
05.594;05.598;0
05.594;05.599;0
05.594;05.600;0
05.594;05.601;0
05.594;05.604;0
05.594;05.607;0
05.594;05.611;0
05.594;05.613;0
05.594;05.614;0
05.594;05.615;0
05.594;05.616;0
05.594;22.400;0
05.595;05.554;0
05.595;05.555;0
05.595;05.556;0
05.595;05.557;0
05.595;05.558;0
05.595;05.559;0
05.595;05.560;0
05.595;05.561;0
05.595;05.562;0
05.595;05.563;0
05.595;05.564;0
05.595;05.565;0
05.595;05.566;0
05.595;05.567;0
05.595;05.568;0
05.595;05.569;0
05.595;05.570;0
05.595;05.571;0
05.595;05.572;0
05.595;05.573;0
05.595;05.574;0
05.595;05.575;0
05.595;05.576;0
05.595;05.577;0
05.595;05.578;0
05.595;05.579;0
05.595;05.580;0
05.595;05.581;0
05.595;05.582;0
05.595;05.583;0
05.595;05.584;0
05.595;05.585;0
05.595;05.586;0
05.595;05.587;0
05.595;05.588;0
05.595;05.589;0
05.595;05.590;0
05.595;05.591;0
05.595;05.592;0
05.595;05.593;0
05.595;05.594;0
05.595;05.595;0
05.595;05.596;0
05.595;05.597;0
05.595;05.598;0
05.595;05.599;0
05.595;05.600;0
05.595;05.601;0
05.595;05.604;0
05.595;05.607;0
05.595;05.611;0
05.595;05.613;0
05.595;05.614;0
05.595;05.615;0
05.595;05.616;0
05.595;22.400;0
05.596;05.554;0
05.596;05.555;0
05.596;05.556;0
05.596;05.557;0
05.596;05.558;0
05.596;05.559;0
05.596;05.560;0
05.596;05.561;0
05.596;05.562;0
05.596;05.563;0
05.596;05.564;0
05.596;05.565;0
05.596;05.566;0
05.596;05.567;0
05.596;05.568;0
05.596;05.569;0
05.596;05.570;0
05.596;05.571;0
05.596;05.572;0
05.596;05.573;0
05.596;05.574;0
05.596;05.575;0
05.596;05.576;0
05.596;05.577;0
05.596;05.578;0
05.596;05.579;0
05.596;05.580;0
05.596;05.581;0
05.596;05.582;0
05.596;05.583;0
05.596;05.584;0
05.596;05.585;0
05.596;05.586;0
05.596;05.587;0
05.596;05.588;0
05.596;05.589;0
05.596;05.590;0
05.596;05.591;0
05.596;05.592;0
05.596;05.593;0
05.596;05.594;0
05.596;05.595;0
05.596;05.596;0
05.596;05.597;0
05.596;05.598;0
05.596;05.599;0
05.596;05.600;0
05.596;05.601;0
05.596;05.604;0
05.596;05.607;0
05.596;05.611;0
05.596;05.613;0
05.596;05.614;0
05.596;05.615;0
05.596;05.616;0
05.596;22.400;0
05.597;05.554;0.140243902439024
05.597;05.555;0.129573170731707
05.597;05.556;0.108231707317073
05.597;05.557;0.178353658536585
05.597;05.558;0.172256097560976
05.597;05.559;0
05.597;05.560;0
05.597;05.561;0.163109756097561
05.597;05.562;0.123475609756098
05.597;05.563;0
05.597;05.564;0.167682926829268
05.597;05.565;0.135670731707317
05.597;05.566;0.129573170731707
05.597;05.567;0.121951219512195
05.597;05.568;0.0746951219512195
05.597;05.569;0.100609756097561
05.597;05.570;0.414634146341463
05.597;05.571;0.143292682926829
05.597;05.572;0.182926829268293
05.597;05.573;0.167682926829268
05.597;05.574;0.152439024390244
05.597;05.575;0.320121951219512
05.597;05.576;0.167682926829268
05.597;05.577;0
05.597;05.578;0
05.597;05.579;0.0625
05.597;05.580;0
05.597;05.581;0.134146341463415
05.597;05.582;0.105182926829268
05.597;05.583;0.225609756097561
05.597;05.584;0.140243902439024
05.597;05.585;0.0731707317073171
05.597;05.586;0.140243902439024
05.597;05.587;0.152439024390244
05.597;05.588;0
05.597;05.589;0.259146341463415
05.597;05.590;0.167682926829268
05.597;05.591;0.161585365853659
05.597;05.592;0.214939024390244
05.597;05.593;0
05.597;05.594;0
05.597;05.595;0
05.597;05.596;0
05.597;05.597;0
05.597;05.598;0.219512195121951
05.597;05.599;0.172256097560976
05.597;05.600;0
05.597;05.601;0.253048780487805
05.597;05.604;0
05.597;05.607;0
05.597;05.611;0.140243902439024
05.597;05.613;0.172256097560976
05.597;05.614;0.364329268292683
05.597;05.615;0
05.597;05.616;0
05.597;22.400;0.172256097560976
05.598;05.554;0.19969512195122
05.598;05.555;0.184451219512195
05.598;05.556;0.153963414634146
05.598;05.557;0.240853658536585
05.598;05.558;0.239329268292683
05.598;05.559;0
05.598;05.560;0
05.598;05.561;0.222560975609756
05.598;05.562;0.17530487804878
05.598;05.563;0
05.598;05.564;0.23780487804878
05.598;05.565;0.201219512195122
05.598;05.566;0.192073170731707
05.598;05.567;0.178353658536585
05.598;05.568;0.106707317073171
05.598;05.569;0.146341463414634
05.598;05.570;0.547256097560976
05.598;05.571;0.1875
05.598;05.572;0.262195121951219
05.598;05.573;0.23780487804878
05.598;05.574;0.213414634146341
05.598;05.575;0.477134146341463
05.598;05.576;0.231707317073171
05.598;05.577;0
05.598;05.578;0
05.598;05.579;0.103658536585366
05.598;05.580;0
05.598;05.581;0.19359756097561
05.598;05.582;0.149390243902439
05.598;05.583;0.326219512195122
05.598;05.584;0.202743902439024
05.598;05.585;0.102134146341463
05.598;05.586;0.19969512195122
05.598;05.587;0.227134146341463
05.598;05.588;0
05.598;05.589;0.371951219512195
05.598;05.590;0.228658536585366
05.598;05.591;0.217987804878049
05.598;05.592;0.298780487804878
05.598;05.593;0
05.598;05.594;0
05.598;05.595;0
05.598;05.596;0
05.598;05.597;0.219512195121951
05.598;05.598;0
05.598;05.599;0.24390243902439
05.598;05.600;0
05.598;05.601;0.359756097560976
05.598;05.604;0
05.598;05.607;0
05.598;05.611;0.19969512195122
05.598;05.613;0.231707317073171
05.598;05.614;0.5
05.598;05.615;0
05.598;05.616;0
05.598;22.400;0.231707317073171
05.599;05.554;0.173780487804878
05.599;05.555;0.158536585365854
05.599;05.556;0.141768292682927
05.599;05.557;0.213414634146341
05.599;05.558;0.196646341463415
05.599;05.559;0
05.599;05.560;0
05.599;05.561;0.18140243902439
05.599;05.562;0.147865853658537
05.599;05.563;0
05.599;05.564;0.172256097560976
05.599;05.565;0.18140243902439
05.599;05.566;0.164634146341463
05.599;05.567;0.163109756097561
05.599;05.568;0.0899390243902439
05.599;05.569;0.128048780487805
05.599;05.570;0.432926829268293
05.599;05.571;0.164634146341463
05.599;05.572;0.221036585365854
05.599;05.573;0.236280487804878
05.599;05.574;0.17530487804878
05.599;05.575;0.399390243902439
05.599;05.576;0.18140243902439
05.599;05.577;0
05.599;05.578;0
05.599;05.579;0.0853658536585366
05.599;05.580;0
05.599;05.581;0.169207317073171
05.599;05.582;0.138719512195122
05.599;05.583;0.30030487804878
05.599;05.584;0.167682926829268
05.599;05.585;0.102134146341463
05.599;05.586;0.172256097560976
05.599;05.587;0.173780487804878
05.599;05.588;0
05.599;05.589;0.326219512195122
05.599;05.590;0.18140243902439
05.599;05.591;0.19969512195122
05.599;05.592;0.286585365853659
05.599;05.593;0
05.599;05.594;0
05.599;05.595;0
05.599;05.596;0
05.599;05.597;0.172256097560976
05.599;05.598;0.24390243902439
05.599;05.599;0
05.599;05.600;0
05.599;05.601;0.30030487804878
05.599;05.604;0
05.599;05.607;0
05.599;05.611;0.172256097560976
05.599;05.613;0.18140243902439
05.599;05.614;0.417682926829268
05.599;05.615;0
05.599;05.616;0
05.599;22.400;0.18140243902439
05.600;05.554;0
05.600;05.555;0
05.600;05.556;0
05.600;05.557;0
05.600;05.558;0
05.600;05.559;0
05.600;05.560;0
05.600;05.561;0
05.600;05.562;0
05.600;05.563;0
05.600;05.564;0
05.600;05.565;0
05.600;05.566;0
05.600;05.567;0
05.600;05.568;0
05.600;05.569;0
05.600;05.570;0
05.600;05.571;0
05.600;05.572;0
05.600;05.573;0
05.600;05.574;0
05.600;05.575;0
05.600;05.576;0
05.600;05.577;0
05.600;05.578;0
05.600;05.579;0
05.600;05.580;0
05.600;05.581;0
05.600;05.582;0
05.600;05.583;0
05.600;05.584;0
05.600;05.585;0
05.600;05.586;0
05.600;05.587;0
05.600;05.588;0
05.600;05.589;0
05.600;05.590;0
05.600;05.591;0
05.600;05.592;0
05.600;05.593;0
05.600;05.594;0
05.600;05.595;0
05.600;05.596;0
05.600;05.597;0
05.600;05.598;0
05.600;05.599;0
05.600;05.600;0
05.600;05.601;0
05.600;05.604;0
05.600;05.607;0
05.600;05.611;0
05.600;05.613;0
05.600;05.614;0
05.600;05.615;0
05.600;05.616;0
05.600;22.400;0
05.601;05.554;0.262195121951219
05.601;05.555;0.233231707317073
05.601;05.556;0.190548780487805
05.601;05.557;0.304878048780488
05.601;05.558;0.307926829268293
05.601;05.559;0
05.601;05.560;0
05.601;05.561;0.272865853658537
05.601;05.562;0.211890243902439
05.601;05.563;0
05.601;05.564;0.259146341463415
05.601;05.565;0.246951219512195
05.601;05.566;0.246951219512195
05.601;05.567;0.216463414634146
05.601;05.568;0.150914634146341
05.601;05.569;0.19359756097561
05.601;05.570;0.740853658536585
05.601;05.571;0.230182926829268
05.601;05.572;0.344512195121951
05.601;05.573;0.268292682926829
05.601;05.574;0.265243902439024
05.601;05.575;0.617378048780488
05.601;05.576;0.272865853658537
05.601;05.577;0
05.601;05.578;0
05.601;05.579;0.111280487804878
05.601;05.580;0
05.601;05.581;0.251524390243902
05.601;05.582;0.195121951219512
05.601;05.583;0.385670731707317
05.601;05.584;0.228658536585366
05.601;05.585;0.147865853658537
05.601;05.586;0.259146341463415
05.601;05.587;0.262195121951219
05.601;05.588;0
05.601;05.589;0.475609756097561
05.601;05.590;0.272865853658537
05.601;05.591;0.272865853658537
05.601;05.592;0.397865853658537
05.601;05.593;0
05.601;05.594;0
05.601;05.595;0
05.601;05.596;0
05.601;05.597;0.253048780487805
05.601;05.598;0.359756097560976
05.601;05.599;0.30030487804878
05.601;05.600;0
05.601;05.601;0
05.601;05.604;0
05.601;05.607;0
05.601;05.611;0.259146341463415
05.601;05.613;0.272865853658537
05.601;05.614;0.625
05.601;05.615;0
05.601;05.616;0
05.601;22.400;0.272865853658537
05.604;05.554;0
05.604;05.555;0
05.604;05.556;0
05.604;05.557;0
05.604;05.558;0
05.604;05.559;0
05.604;05.560;0
05.604;05.561;0
05.604;05.562;0
05.604;05.563;0
05.604;05.564;0
05.604;05.565;0
05.604;05.566;0
05.604;05.567;0
05.604;05.568;0
05.604;05.569;0
05.604;05.570;0
05.604;05.571;0
05.604;05.572;0
05.604;05.573;0
05.604;05.574;0
05.604;05.575;0
05.604;05.576;0
05.604;05.577;0
05.604;05.578;0
05.604;05.579;0
05.604;05.580;0
05.604;05.581;0
05.604;05.582;0
05.604;05.583;0
05.604;05.584;0
05.604;05.585;0
05.604;05.586;0
05.604;05.587;0
05.604;05.588;0
05.604;05.589;0
05.604;05.590;0
05.604;05.591;0
05.604;05.592;0
05.604;05.593;0
05.604;05.594;0
05.604;05.595;0
05.604;05.596;0
05.604;05.597;0
05.604;05.598;0
05.604;05.599;0
05.604;05.600;0
05.604;05.601;0
05.604;05.604;0
05.604;05.607;0
05.604;05.611;0
05.604;05.613;0
05.604;05.614;0
05.604;05.615;0
05.604;05.616;0
05.604;22.400;0
05.607;05.554;0
05.607;05.555;0
05.607;05.556;0
05.607;05.557;0
05.607;05.558;0
05.607;05.559;0
05.607;05.560;0
05.607;05.561;0
05.607;05.562;0
05.607;05.563;0
05.607;05.564;0
05.607;05.565;0
05.607;05.566;0
05.607;05.567;0
05.607;05.568;0
05.607;05.569;0
05.607;05.570;0
05.607;05.571;0
05.607;05.572;0
05.607;05.573;0
05.607;05.574;0
05.607;05.575;0
05.607;05.576;0
05.607;05.577;0
05.607;05.578;0
05.607;05.579;0
05.607;05.580;0
05.607;05.581;0
05.607;05.582;0
05.607;05.583;0
05.607;05.584;0
05.607;05.585;0
05.607;05.586;0
05.607;05.587;0
05.607;05.588;0
05.607;05.589;0
05.607;05.590;0
05.607;05.591;0
05.607;05.592;0
05.607;05.593;0
05.607;05.594;0
05.607;05.595;0
05.607;05.596;0
05.607;05.597;0
05.607;05.598;0
05.607;05.599;0
05.607;05.600;0
05.607;05.601;0
05.607;05.604;0
05.607;05.607;0
05.607;05.611;0
05.607;05.613;0
05.607;05.614;0
05.607;05.615;0
05.607;05.616;0
05.607;22.400;0
05.611;05.554;0.147865853658537
05.611;05.555;0.135670731707317
05.611;05.556;0.114329268292683
05.611;05.557;0.178353658536585
05.611;05.558;0.172256097560976
05.611;05.559;0
05.611;05.560;0
05.611;05.561;0.149390243902439
05.611;05.562;0.125
05.611;05.563;0
05.611;05.564;0.141768292682927
05.611;05.565;0.144817073170732
05.611;05.566;0.140243902439024
05.611;05.567;0.13109756097561
05.611;05.568;0.0762195121951219
05.611;05.569;0.109756097560976
05.611;05.570;0.422256097560976
05.611;05.571;0.128048780487805
05.611;05.572;0.192073170731707
05.611;05.573;0.176829268292683
05.611;05.574;0.149390243902439
05.611;05.575;0.344512195121951
05.611;05.576;0.149390243902439
05.611;05.577;0
05.611;05.578;0
05.611;05.579;0.0685975609756098
05.611;05.580;0
05.611;05.581;0.138719512195122
05.611;05.582;0.11280487804878
05.611;05.583;0.221036585365854
05.611;05.584;0.126524390243902
05.611;05.585;0.0823170731707317
05.611;05.586;0.149390243902439
05.611;05.587;0.13719512195122
05.611;05.588;0
05.611;05.589;0.268292682926829
05.611;05.590;0.149390243902439
05.611;05.591;0.167682926829268
05.611;05.592;0.230182926829268
05.611;05.593;0
05.611;05.594;0
05.611;05.595;0
05.611;05.596;0
05.611;05.597;0.140243902439024
05.611;05.598;0.19969512195122
05.611;05.599;0.172256097560976
05.611;05.600;0
05.611;05.601;0.259146341463415
05.611;05.604;0
05.611;05.607;0
05.611;05.611;0
05.611;05.613;0.149390243902439
05.611;05.614;0.344512195121951
05.611;05.615;0
05.611;05.616;0
05.611;22.400;0.149390243902439
05.613;05.554;0.149390243902439
05.613;05.555;0.138719512195122
05.613;05.556;0.114329268292683
05.613;05.557;0.1875
05.613;05.558;0.182926829268293
05.613;05.559;0
05.613;05.560;0
05.613;05.561;0.172256097560976
05.613;05.562;0.132621951219512
05.613;05.563;0
05.613;05.564;0.173780487804878
05.613;05.565;0.144817073170732
05.613;05.566;0.140243902439024
05.613;05.567;0.13109756097561
05.613;05.568;0.0807926829268293
05.613;05.569;0.109756097560976
05.613;05.570;0.440548780487805
05.613;05.571;0.146341463414634
05.613;05.572;0.195121951219512
05.613;05.573;0.176829268292683
05.613;05.574;0.161585365853659
05.613;05.575;0.344512195121951
05.613;05.576;0.17530487804878
05.613;05.577;0
05.613;05.578;0
05.613;05.579;0.0685975609756098
05.613;05.580;0
05.613;05.581;0.143292682926829
05.613;05.582;0.11280487804878
05.613;05.583;0.240853658536585
05.613;05.584;0.149390243902439
05.613;05.585;0.0823170731707317
05.613;05.586;0.149390243902439
05.613;05.587;0.160060975609756
05.613;05.588;0
05.613;05.589;0.277439024390244
05.613;05.590;0.17530487804878
05.613;05.591;0.170731707317073
05.613;05.592;0.230182926829268
05.613;05.593;0
05.613;05.594;0
05.613;05.595;0
05.613;05.596;0
05.613;05.597;0.172256097560976
05.613;05.598;0.231707317073171
05.613;05.599;0.18140243902439
05.613;05.600;0
05.613;05.601;0.272865853658537
05.613;05.604;0
05.613;05.607;0
05.613;05.611;0.149390243902439
05.613;05.613;0
05.613;05.614;0.387195121951219
05.613;05.615;0
05.613;05.616;0
05.613;22.400;0.18140243902439
05.614;05.554;0.344512195121951
05.614;05.555;0.314024390243902
05.614;05.556;0.262195121951219
05.614;05.557;0.417682926829268
05.614;05.558;0.408536585365854
05.614;05.559;0
05.614;05.560;0
05.614;05.561;0.38109756097561
05.614;05.562;0.295731707317073
05.614;05.563;0
05.614;05.564;0.364329268292683
05.614;05.565;0.332317073170732
05.614;05.566;0.321646341463415
05.614;05.567;0.304878048780488
05.614;05.568;0.185975609756098
05.614;05.569;0.25
05.614;05.570;1
05.614;05.571;0.329268292682927
05.614;05.572;0.442073170731707
05.614;05.573;0.408536585365854
05.614;05.574;0.356707317073171
05.614;05.575;0.795731707317073
05.614;05.576;0.387195121951219
05.614;05.577;0
05.614;05.578;0
05.614;05.579;0.155487804878049
05.614;05.580;0
05.614;05.581;0.329268292682927
05.614;05.582;0.262195121951219
05.614;05.583;0.551829268292683
05.614;05.584;0.336890243902439
05.614;05.585;0.190548780487805
05.614;05.586;0.344512195121951
05.614;05.587;0.353658536585366
05.614;05.588;0
05.614;05.589;0.638719512195122
05.614;05.590;0.387195121951219
05.614;05.591;0.390243902439024
05.614;05.592;0.532012195121951
05.614;05.593;0
05.614;05.594;0
05.614;05.595;0
05.614;05.596;0
05.614;05.597;0.364329268292683
05.614;05.598;0.5
05.614;05.599;0.417682926829268
05.614;05.600;0
05.614;05.601;0.625
05.614;05.604;0
05.614;05.607;0
05.614;05.611;0.344512195121951
05.614;05.613;0.387195121951219
05.614;05.614;0
05.614;05.615;0
05.614;05.616;0
05.614;22.400;0.387195121951219
05.615;05.554;0
05.615;05.555;0
05.615;05.556;0
05.615;05.557;0
05.615;05.558;0
05.615;05.559;0
05.615;05.560;0
05.615;05.561;0
05.615;05.562;0
05.615;05.563;0
05.615;05.564;0
05.615;05.565;0
05.615;05.566;0
05.615;05.567;0
05.615;05.568;0
05.615;05.569;0
05.615;05.570;0
05.615;05.571;0
05.615;05.572;0
05.615;05.573;0
05.615;05.574;0
05.615;05.575;0
05.615;05.576;0
05.615;05.577;0
05.615;05.578;0
05.615;05.579;0
05.615;05.580;0
05.615;05.581;0
05.615;05.582;0
05.615;05.583;0
05.615;05.584;0
05.615;05.585;0
05.615;05.586;0
05.615;05.587;0
05.615;05.588;0
05.615;05.589;0
05.615;05.590;0
05.615;05.591;0
05.615;05.592;0
05.615;05.593;0
05.615;05.594;0
05.615;05.595;0
05.615;05.596;0
05.615;05.597;0
05.615;05.598;0
05.615;05.599;0
05.615;05.600;0
05.615;05.601;0
05.615;05.604;0
05.615;05.607;0
05.615;05.611;0
05.615;05.613;0
05.615;05.614;0
05.615;05.615;0
05.615;05.616;0
05.615;22.400;0
05.616;05.554;0
05.616;05.555;0
05.616;05.556;0
05.616;05.557;0
05.616;05.558;0
05.616;05.559;0
05.616;05.560;0
05.616;05.561;0
05.616;05.562;0
05.616;05.563;0
05.616;05.564;0
05.616;05.565;0
05.616;05.566;0
05.616;05.567;0
05.616;05.568;0
05.616;05.569;0
05.616;05.570;0
05.616;05.571;0
05.616;05.572;0
05.616;05.573;0
05.616;05.574;0
05.616;05.575;0
05.616;05.576;0
05.616;05.577;0
05.616;05.578;0
05.616;05.579;0
05.616;05.580;0
05.616;05.581;0
05.616;05.582;0
05.616;05.583;0
05.616;05.584;0
05.616;05.585;0
05.616;05.586;0
05.616;05.587;0
05.616;05.588;0
05.616;05.589;0
05.616;05.590;0
05.616;05.591;0
05.616;05.592;0
05.616;05.593;0
05.616;05.594;0
05.616;05.595;0
05.616;05.596;0
05.616;05.597;0
05.616;05.598;0
05.616;05.599;0
05.616;05.600;0
05.616;05.601;0
05.616;05.604;0
05.616;05.607;0
05.616;05.611;0
05.616;05.613;0
05.616;05.614;0
05.616;05.615;0
05.616;05.616;0
05.616;22.400;0
22.400;05.554;0.149390243902439
22.400;05.555;0.138719512195122
22.400;05.556;0.114329268292683
22.400;05.557;0.1875
22.400;05.558;0.182926829268293
22.400;05.559;0
22.400;05.560;0
22.400;05.561;0.172256097560976
22.400;05.562;0.132621951219512
22.400;05.563;0
22.400;05.564;0.173780487804878
22.400;05.565;0.144817073170732
22.400;05.566;0.140243902439024
22.400;05.567;0.13109756097561
22.400;05.568;0.0807926829268293
22.400;05.569;0.109756097560976
22.400;05.570;0.440548780487805
22.400;05.571;0.146341463414634
22.400;05.572;0.195121951219512
22.400;05.573;0.176829268292683
22.400;05.574;0.161585365853659
22.400;05.575;0.344512195121951
22.400;05.576;0.17530487804878
22.400;05.577;0
22.400;05.578;0
22.400;05.579;0.0685975609756098
22.400;05.580;0
22.400;05.581;0.143292682926829
22.400;05.582;0.11280487804878
22.400;05.583;0.240853658536585
22.400;05.584;0.149390243902439
22.400;05.585;0.0823170731707317
22.400;05.586;0.149390243902439
22.400;05.587;0.160060975609756
22.400;05.588;0
22.400;05.589;0.277439024390244
22.400;05.590;0.17530487804878
22.400;05.591;0.170731707317073
22.400;05.592;0.230182926829268
22.400;05.593;0
22.400;05.594;0
22.400;05.595;0
22.400;05.596;0
22.400;05.597;0.172256097560976
22.400;05.598;0.231707317073171
22.400;05.599;0.18140243902439
22.400;05.600;0
22.400;05.601;0.272865853658537
22.400;05.604;0
22.400;05.607;0
22.400;05.611;0.149390243902439
22.400;05.613;0.18140243902439
22.400;05.614;0.387195121951219
22.400;05.615;0
22.400;05.616;0
22.400;22.400;0
